date,rate,open_rate,high_rate,low_rate,daily_return,is_interpolated,source
2013-01-18,344.0,,,,,False,historical_csv
2013-01-21,343.0,,,,,False,historical_csv
2013-01-22,345.0,,,,,False,historical_csv
2013-01-23,345.0,,,,,False,historical_csv
2013-01-24,346.0,,,,,False,historical_csv
2013-01-25,346.0,,,,,False,historical_csv
2013-01-28,353.5,,,,,False,historical_csv
2013-01-29,358.75,,,,,False,historical_csv
2013-01-30,359.995,,,,,False,historical_csv
2013-01-31,359.0,,,,,False,historical_csv
2013-02-01,359.875,,,,,False,historical_csv
2013-02-04,357.5,,,,,False,historical_csv
2013-02-05,358.0,,,,,False,historical_csv
2013-02-06,359.0,,,,,False,historical_csv
2013-02-07,359.94,,,,,False,historical_csv
2013-02-08,358.0,,,,,False,historical_csv
2013-02-11,360.0,,,,,False,historical_csv
2013-02-12,360.0,,,,,False,historical_csv
2013-02-13,353.0,,,,,False,historical_csv
2013-02-14,358.0,,,,,False,historical_csv
2013-02-15,368.0,,,,,False,historical_csv
2013-02-18,370.0,,,,,False,historical_csv
2013-02-19,370.0,,,,,False,historical_csv
2013-02-20,369.0,,,,,False,historical_csv
2013-02-21,370.0,,,,,False,historical_csv
2013-02-22,368.0,,,,,False,historical_csv
2013-02-25,376.0,,,,,False,historical_csv
2013-02-26,379.0,,,,,False,historical_csv
2013-02-27,377.5,,,,,False,historical_csv
2013-02-28,381.3,,,,,False,historical_csv
2013-03-01,381.0,,,,,False,historical_csv
2013-03-04,370.0,,,,,False,historical_csv
2013-03-05,370.0,,,,,False,historical_csv
2013-03-06,370.0,,,,,False,historical_csv
2013-03-07,370.0,,,,,False,historical_csv
2013-03-08,380.0,,,,,False,historical_csv
2013-03-11,380.0,,,,,False,historical_csv
2013-03-12,379.0,,,,,False,historical_csv
2013-03-13,380.0,,,,,False,historical_csv
2013-03-14,369.0,,,,,False,historical_csv
2013-03-15,368.0,,,,,False,historical_csv
2013-03-18,370.5,,,,,False,historical_csv
2013-03-19,384.5,,,,,False,historical_csv
2013-03-20,385.5,,,,,False,historical_csv
2013-03-21,387.5,,,,,False,historical_csv
2013-03-22,383.0,,,,,False,historical_csv
2013-03-25,387.5,,,,,False,historical_csv
2013-03-26,387.5,,,,,False,historical_csv
2013-03-27,387.5,,,,,False,historical_csv
2013-03-28,387.5,,,,,False,historical_csv
2013-03-29,387.5,,,,,False,historical_csv
2013-04-01,383.0,,,,,False,historical_csv
2013-04-02,397.5,,,,,False,historical_csv
2013-04-03,397.5,,,,,False,historical_csv
2013-04-04,393.0,,,,,False,historical_csv
2013-04-05,397.5,,,,,False,historical_csv
2013-04-08,397.5,,,,,False,historical_csv
2013-04-09,397.5,,,,,False,historical_csv
2013-04-10,397.5,,,,,False,historical_csv
2013-04-11,396.0,,,,,False,historical_csv
2013-04-12,398.0,,,,,False,historical_csv
2013-04-15,395.5,,,,,False,historical_csv
2013-04-16,397.5,,,,,False,historical_csv
2013-04-17,397.5,,,,,False,historical_csv
2013-04-18,398.0,,,,,False,historical_csv
2013-04-19,408.0,,,,,False,historical_csv
2013-04-22,406.0,,,,,False,historical_csv
2013-04-23,406.0,,,,,False,historical_csv
2013-04-24,397.5,,,,,False,historical_csv
2013-04-25,397.5,,,,,False,historical_csv
2013-04-26,397.5,,,,,False,historical_csv
2013-04-29,398.5,,,,,False,historical_csv
2013-04-30,395.5,,,,,False,historical_csv
2013-05-01,391.0,,,,,False,historical_csv
2013-05-02,397.5,,,,,False,historical_csv
2013-05-03,415.0,,,,,False,historical_csv
2013-05-06,405.0,,,,,False,historical_csv
2013-05-07,393.0,,,,,False,historical_csv
2013-05-08,407.0,,,,,False,historical_csv
2013-05-09,370.0,,,,,False,historical_csv
2013-05-10,366.0,,,,,False,historical_csv
2013-05-13,357.0,,,,,False,historical_csv
2013-05-14,363.0,,,,,False,historical_csv
2013-05-15,356.0,,,,,False,historical_csv
2013-05-16,365.0,,,,,False,historical_csv
2013-05-17,364.0,,,,,False,historical_csv
2013-05-20,362.0,,,,,False,historical_csv
2013-05-21,350.0,,,,,False,historical_csv
2013-05-22,349.0,,,,,False,historical_csv
2013-05-23,338.0,,,,,False,historical_csv
2013-05-24,350.0,,,,,False,historical_csv
2013-05-27,349.0,,,,,False,historical_csv
2013-05-28,332.5,,,,,False,historical_csv
2013-05-29,332.5,,,,,False,historical_csv
2013-05-30,330.0,,,,,False,historical_csv
2013-05-31,330.0,,,,,False,historical_csv
2013-06-03,326.0,,,,,False,historical_csv
2013-06-04,335.0,,,,,False,historical_csv
2013-06-05,326.0,,,,,False,historical_csv
2013-06-06,326.0,,,,,False,historical_csv
2013-06-07,326.0,,,,,False,historical_csv
2013-06-10,326.0,,,,,False,historical_csv
2013-06-11,326.0,,,,,False,historical_csv
2013-06-12,326.0,,,,,False,historical_csv
2013-06-13,326.0,,,,,False,historical_csv
2013-06-14,330.0,,,,,False,historical_csv
2013-06-17,326.0,,,,,False,historical_csv
2013-06-18,326.0,,,,,False,historical_csv
2013-06-19,326.0,,,,,False,historical_csv
2013-06-20,326.0,,,,,False,historical_csv
2013-06-21,329.0,,,,,False,historical_csv
2013-06-24,329.0,,,,,False,historical_csv
2013-06-25,335.0,,,,,False,historical_csv
2013-06-26,329.0,,,,,False,historical_csv
2013-06-27,326.0,,,,,False,historical_csv
2013-06-28,326.0,,,,,False,historical_csv
2013-07-01,326.0,,,,,False,historical_csv
2013-07-02,326.0,,,,,False,historical_csv
2013-07-03,331.0,,,,,False,historical_csv
2013-07-04,332.0,,,,,False,historical_csv
2013-07-05,331.0,,,,,False,historical_csv
2013-07-08,330.0,,,,,False,historical_csv
2013-07-09,326.0,,,,,False,historical_csv
2013-07-10,326.0,,,,,False,historical_csv
2013-07-11,325.0,,,,,False,historical_csv
2013-07-12,326.0,,,,,False,historical_csv
2013-07-15,335.0,,,,,False,historical_csv
2013-07-16,326.0,,,,,False,historical_csv
2013-07-17,326.0,,,,,False,historical_csv
2013-07-18,326.0,,,,,False,historical_csv
2013-07-19,325.0,,,,,False,historical_csv
2013-07-22,326.0,,,,,False,historical_csv
2013-07-23,326.0,,,,,False,historical_csv
2013-07-24,326.0,,,,,False,historical_csv
2013-07-25,328.0,,,,,False,historical_csv
2013-07-26,326.0,,,,,False,historical_csv
2013-07-29,326.0,,,,,False,historical_csv
2013-07-30,326.0,,,,,False,historical_csv
2013-07-31,326.0,,,,,False,historical_csv
2013-08-01,326.0,,,,,False,historical_csv
2013-08-02,330.0,,,,,False,historical_csv
2013-08-05,326.5,,,,,False,historical_csv
2013-08-06,330.0,,,,,False,historical_csv
2013-08-07,330.0,,,,,False,historical_csv
2013-08-08,330.0,,,,,False,historical_csv
2013-08-09,330.05,,,,,False,historical_csv
2013-08-12,330.0,,,,,False,historical_csv
2013-08-13,340.0,,,,,False,historical_csv
2013-08-14,327.5,,,,,False,historical_csv
2013-08-15,330.0,,,,,False,historical_csv
2013-08-16,331.0,,,,,False,historical_csv
2013-08-19,327.5,,,,,False,historical_csv
2013-08-20,325.0,,,,,False,historical_csv
2013-08-21,326.0,,,,,False,historical_csv
2013-08-22,328.0,,,,,False,historical_csv
2013-08-23,325.0,,,,,False,historical_csv
2013-08-26,326.0,,,,,False,historical_csv
2013-08-27,325.0,,,,,False,historical_csv
2013-08-28,326.0,,,,,False,historical_csv
2013-08-29,326.0,,,,,False,historical_csv
2013-08-30,325.0,,,,,False,historical_csv
2013-09-02,326.0,,,,,False,historical_csv
2013-09-03,326.0,,,,,False,historical_csv
2013-09-04,325.0,,,,,False,historical_csv
2013-09-05,326.0,,,,,False,historical_csv
2013-09-06,326.0,,,,,False,historical_csv
2013-09-09,326.0,,,,,False,historical_csv
2013-09-10,326.0,,,,,False,historical_csv
2013-09-11,326.0,,,,,False,historical_csv
2013-09-12,326.0,,,,,False,historical_csv
2013-09-13,328.0,,,,,False,historical_csv
2013-09-16,326.0,,,,,False,historical_csv
2013-09-17,326.0,,,,,False,historical_csv
2013-09-18,326.0,,,,,False,historical_csv
2013-09-19,350.0,,,,,False,historical_csv
2013-09-20,338.0,,,,,False,historical_csv
2013-09-23,338.0,,,,,False,historical_csv
2013-09-24,338.0,,,,,False,historical_csv
2013-09-25,375.0,,,,,False,historical_csv
2013-09-26,366.0,,,,,False,historical_csv
2013-09-27,366.0,,,,,False,historical_csv
2013-09-30,362.0,,,,,False,historical_csv
2013-10-01,365.0,,,,,False,historical_csv
2013-10-02,365.0,,,,,False,historical_csv
2013-10-03,366.0,,,,,False,historical_csv
2013-10-04,366.0,,,,,False,historical_csv
2013-10-07,370.0,,,,,False,historical_csv
2013-10-08,370.0,,,,,False,historical_csv
2013-10-09,365.0,,,,,False,historical_csv
2013-10-10,363.0,,,,,False,historical_csv
2013-10-11,365.0,,,,,False,historical_csv
2013-10-14,366.0,,,,,False,historical_csv
2013-10-15,365.0,,,,,False,historical_csv
2013-10-16,365.0,,,,,False,historical_csv
2013-10-17,363.0,,,,,False,historical_csv
2013-10-18,366.0,,,,,False,historical_csv
2013-10-21,365.0,,,,,False,historical_csv
2013-10-22,365.0,,,,,False,historical_csv
2013-10-23,365.0,,,,,False,historical_csv
2013-10-24,367.0,,,,,False,historical_csv
2013-10-25,369.0,,,,,False,historical_csv
2013-10-28,366.0,,,,,False,historical_csv
2013-10-29,394.0,,,,,False,historical_csv
2013-10-30,390.0,,,,,False,historical_csv
2013-10-31,366.0,,,,,False,historical_csv
2013-11-01,365.0,,,,,False,historical_csv
2013-11-04,379.0,,,,,False,historical_csv
2013-11-05,378.0,,,,,False,historical_csv
2013-11-06,378.0,,,,,False,historical_csv
2013-11-07,378.0,,,,,False,historical_csv
2013-11-08,365.0,,,,,False,historical_csv
2013-11-11,400.0,,,,,False,historical_csv
2013-11-12,367.0,,,,,False,historical_csv
2013-11-13,370.0,,,,,False,historical_csv
2013-11-14,370.0,,,,,False,historical_csv
2013-11-15,400.0,,,,,False,historical_csv
2013-11-18,400.0,,,,,False,historical_csv
2013-11-19,400.0,,,,,False,historical_csv
2013-11-20,404.0,,,,,False,historical_csv
2013-11-21,404.0,,,,,False,historical_csv
2013-11-22,404.0,,,,,False,historical_csv
2013-11-25,410.0,,,,,False,historical_csv
2013-11-26,410.0,,,,,False,historical_csv
2013-11-27,410.0,,,,,False,historical_csv
2013-11-28,410.0,,,,,False,historical_csv
2013-11-29,410.0,,,,,False,historical_csv
2013-12-02,415.0,,,,,False,historical_csv
2013-12-03,415.0,,,,,False,historical_csv
2013-12-04,415.0,,,,,False,historical_csv
2013-12-05,415.0,,,,,False,historical_csv
2013-12-06,415.0,,,,,False,historical_csv
2013-12-09,415.0,,,,,False,historical_csv
2013-12-10,415.0,,,,,False,historical_csv
2013-12-11,424.0,,,,,False,historical_csv
2013-12-12,424.0,,,,,False,historical_csv
2013-12-13,421.0,,,,,False,historical_csv
2013-12-16,424.0,,,,,False,historical_csv
2013-12-17,424.0,,,,,False,historical_csv
2013-12-18,426.0,,,,,False,historical_csv
2013-12-19,420.0,,,,,False,historical_csv
2013-12-20,420.0,,,,,False,historical_csv
2013-12-23,430.0,,,,,False,historical_csv
2013-12-24,430.0,,,,,False,historical_csv
2013-12-25,430.0,,,,,False,historical_csv
2013-12-26,430.0,,,,,False,historical_csv
2013-12-27,410.0,,,,,False,historical_csv
2013-12-30,430.0,,,,,False,historical_csv
2013-12-31,430.0,,,,,False,historical_csv
2014-01-01,430.0,,,,,False,historical_csv
2014-01-02,410.0,,,,,False,historical_csv
2014-01-03,410.0,,,,,False,historical_csv
2014-01-06,417.0,,,,,False,historical_csv
2014-01-07,417.0,,,,,False,historical_csv
2014-01-08,450.0,,,,,False,historical_csv
2014-01-09,450.0,,,,,False,historical_csv
2014-01-10,435.0,,,,,False,historical_csv
2014-01-13,450.0,,,,,False,historical_csv
2014-01-14,450.0,,,,,False,historical_csv
2014-01-15,450.0,,,,,False,historical_csv
2014-01-16,450.0,,,,,False,historical_csv
2014-01-17,448.0,,,,,False,historical_csv
2014-01-20,450.0,,,,,False,historical_csv
2014-01-21,450.0,,,,,False,historical_csv
2014-01-22,450.0,,,,,False,historical_csv
2014-01-23,450.0,,,,,False,historical_csv
2014-01-24,447.5,,,,,False,historical_csv
2014-01-27,420.0,,,,,False,historical_csv
2014-01-28,421.0,,,,,False,historical_csv
2014-01-29,425.0,,,,,False,historical_csv
2014-01-30,426.5,,,,,False,historical_csv
2014-01-31,422.5,,,,,False,historical_csv
2014-02-03,423.5,,,,,False,historical_csv
2014-02-04,423.5,,,,,False,historical_csv
2014-02-05,425.0,,,,,False,historical_csv
2014-02-06,423.5,,,,,False,historical_csv
2014-02-07,425.0,,,,,False,historical_csv
2014-02-10,425.0,,,,,False,historical_csv
2014-02-11,425.0,,,,,False,historical_csv
2014-02-12,422.5,,,,,False,historical_csv
2014-02-13,422.5,,,,,False,historical_csv
2014-02-14,425.0,,,,,False,historical_csv
2014-02-17,422.5,,,,,False,historical_csv
2014-02-18,425.0,,,,,False,historical_csv
2014-02-19,420.0,,,,,False,historical_csv
2014-02-20,422.5,,,,,False,historical_csv
2014-02-21,420.0,,,,,False,historical_csv
2014-02-24,422.5,,,,,False,historical_csv
2014-02-25,422.0,,,,,False,historical_csv
2014-02-26,421.5,,,,,False,historical_csv
2014-02-27,422.5,,,,,False,historical_csv
2014-02-28,420.0,,,,,False,historical_csv
2014-03-03,425.0,,,,,False,historical_csv
2014-03-04,425.0,,,,,False,historical_csv
2014-03-05,425.0,,,,,False,historical_csv
2014-03-06,425.0,,,,,False,historical_csv
2014-03-07,422.5,,,,,False,historical_csv
2014-03-10,425.0,,,,,False,historical_csv
2014-03-11,420.0,,,,,False,historical_csv
2014-03-12,425.0,,,,,False,historical_csv
2014-03-13,420.0,,,,,False,historical_csv
2014-03-14,420.0,,,,,False,historical_csv
2014-03-17,420.0,,,,,False,historical_csv
2014-03-18,422.5,,,,,False,historical_csv
2014-03-19,415.0,,,,,False,historical_csv
2014-03-20,415.0,,,,,False,historical_csv
2014-03-21,411.5,,,,,False,historical_csv
2014-03-24,412.5,,,,,False,historical_csv
2014-03-25,412.5,,,,,False,historical_csv
2014-03-26,412.5,,,,,False,historical_csv
2014-03-27,414.675,,,,,False,historical_csv
2014-03-28,414.675,,,,,False,historical_csv
2014-03-31,412.2,,,,,False,historical_csv
2014-04-01,413.205,,,,,False,historical_csv
2014-04-02,413.205,,,,,False,historical_csv
2014-04-03,413.205,,,,,False,historical_csv
2014-04-04,412.5,,,,,False,historical_csv
2014-04-07,412.5,,,,,False,historical_csv
2014-04-08,412.5,,,,,False,historical_csv
2014-04-09,393.5,,,,,False,historical_csv
2014-04-10,393.5,,,,,False,historical_csv
2014-04-11,392.5,,,,,False,historical_csv
2014-04-14,390.5,,,,,False,historical_csv
2014-04-15,392.5,,,,,False,historical_csv
2014-04-16,392.5,,,,,False,historical_csv
2014-04-17,392.5,,,,,False,historical_csv
2014-04-18,394.575,,,,,False,historical_csv
2014-04-21,394.575,,,,,False,historical_csv
2014-04-22,396.12,,,,,False,historical_csv
2014-04-23,397.125,,,,,False,historical_csv
2014-04-24,401.58,,,,,False,historical_csv
2014-04-25,387.5,,,,,False,historical_csv
2014-04-28,392.5,,,,,False,historical_csv
2014-04-29,392.5,,,,,False,historical_csv
2014-04-30,392.5,,,,,False,historical_csv
2014-05-01,392.5,,,,,False,historical_csv
2014-05-02,392.5,,,,,False,historical_csv
2014-05-05,392.5,,,,,False,historical_csv
2014-05-06,392.5,,,,,False,historical_csv
2014-05-07,392.5,,,,,False,historical_csv
2014-05-08,391.5,,,,,False,historical_csv
2014-05-09,394.575,,,,,False,historical_csv
2014-05-12,392.5,,,,,False,historical_csv
2014-05-13,392.5,,,,,False,historical_csv
2014-05-14,392.5,,,,,False,historical_csv
2014-05-15,392.5,,,,,False,historical_csv
2014-05-16,393.555,,,,,False,historical_csv
2014-05-19,392.5,,,,,False,historical_csv
2014-05-20,398.135,,,,,False,historical_csv
2014-05-21,394.065,,,,,False,historical_csv
2014-05-22,398.135,,,,,False,historical_csv
2014-05-23,392.5,,,,,False,historical_csv
2014-05-26,392.5,,,,,False,historical_csv
2014-05-27,392.5,,,,,False,historical_csv
2014-05-28,392.5,,,,,False,historical_csv
2014-05-29,393.57,,,,,False,historical_csv
2014-05-30,392.0,,,,,False,historical_csv
2014-06-02,392.5,,,,,False,historical_csv
2014-06-03,391.5,,,,,False,historical_csv
2014-06-04,390.5,,,,,False,historical_csv
2014-06-05,392.5,,,,,False,historical_csv
2014-06-06,391.5,,,,,False,historical_csv
2014-06-09,394.575,,,,,False,historical_csv
2014-06-10,392.5,,,,,False,historical_csv
2014-06-11,392.5,,,,,False,historical_csv
2014-06-12,392.5,,,,,False,historical_csv
2014-06-13,392.0,,,,,False,historical_csv
2014-06-16,392.5,,,,,False,historical_csv
2014-06-17,391.5,,,,,False,historical_csv
2014-06-18,392.0,,,,,False,historical_csv
2014-06-19,393.5,,,,,False,historical_csv
2014-06-20,392.5,,,,,False,historical_csv
2014-06-23,393.0,,,,,False,historical_csv
2014-06-24,390.0,,,,,False,historical_csv
2014-06-25,392.5,,,,,False,historical_csv
2014-06-26,390.0,,,,,False,historical_csv
2014-06-27,395.0,,,,,False,historical_csv
2014-06-30,392.5,,,,,False,historical_csv
2014-07-01,393.0,,,,,False,historical_csv
2014-07-02,390.0,,,,,False,historical_csv
2014-07-03,393.5,,,,,False,historical_csv
2014-07-04,392.5,,,,,False,historical_csv
2014-07-07,393.0,,,,,False,historical_csv
2014-07-08,393.0,,,,,False,historical_csv
2014-07-09,393.5,,,,,False,historical_csv
2014-07-10,393.5,,,,,False,historical_csv
2014-07-11,393.5,,,,,False,historical_csv
2014-07-14,393.0,,,,,False,historical_csv
2014-07-15,392.5,,,,,False,historical_csv
2014-07-16,393.5,,,,,False,historical_csv
2014-07-17,392.5,,,,,False,historical_csv
2014-07-18,393.5,,,,,False,historical_csv
2014-07-21,393.5,,,,,False,historical_csv
2014-07-22,392.5,,,,,False,historical_csv
2014-07-23,393.5,,,,,False,historical_csv
2014-07-24,392.5,,,,,False,historical_csv
2014-07-25,393.5,,,,,False,historical_csv
2014-07-28,393.5,,,,,False,historical_csv
2014-07-29,392.5,,,,,False,historical_csv
2014-07-30,392.5,,,,,False,historical_csv
2014-07-31,393.5,,,,,False,historical_csv
2014-08-01,393.5,,,,,False,historical_csv
2014-08-04,392.5,,,,,False,historical_csv
2014-08-05,393.5,,,,,False,historical_csv
2014-08-06,392.5,,,,,False,historical_csv
2014-08-07,392.5,,,,,False,historical_csv
2014-08-08,393.5,,,,,False,historical_csv
2014-08-11,392.5,,,,,False,historical_csv
2014-08-12,395.5,,,,,False,historical_csv
2014-08-13,395.5,,,,,False,historical_csv
2014-08-14,392.5,,,,,False,historical_csv
2014-08-15,395.5,,,,,False,historical_csv
2014-08-18,391.5,,,,,False,historical_csv
2014-08-19,390.5,,,,,False,historical_csv
2014-08-20,389.5,,,,,False,historical_csv
2014-08-21,391.5,,,,,False,historical_csv
2014-08-22,392.5,,,,,False,historical_csv
2014-08-25,393.5,,,,,False,historical_csv
2014-08-26,392.5,,,,,False,historical_csv
2014-08-27,395.5,,,,,False,historical_csv
2014-08-28,395.5,,,,,False,historical_csv
2014-08-29,392.5,,,,,False,historical_csv
2014-09-01,400.5,,,,,False,historical_csv
2014-09-02,393.0,,,,,False,historical_csv
2014-09-03,391.5,,,,,False,historical_csv
2014-09-04,392.5,,,,,False,historical_csv
2014-09-05,392.5,,,,,False,historical_csv
2014-09-08,392.5,,,,,False,historical_csv
2014-09-09,390.0,,,,,False,historical_csv
2014-09-10,395.0,,,,,False,historical_csv
2014-09-11,392.5,,,,,False,historical_csv
2014-09-12,393.0,,,,,False,historical_csv
2014-09-15,393.0,,,,,False,historical_csv
2014-09-16,390.5,,,,,False,historical_csv
2014-09-17,393.0,,,,,False,historical_csv
2014-09-18,393.0,,,,,False,historical_csv
2014-09-19,393.5,,,,,False,historical_csv
2014-09-22,393.0,,,,,False,historical_csv
2014-09-23,393.5,,,,,False,historical_csv
2014-09-24,393.0,,,,,False,historical_csv
2014-09-25,393.0,,,,,False,historical_csv
2014-09-26,393.0,,,,,False,historical_csv
2014-09-29,393.0,,,,,False,historical_csv
2014-09-30,392.5,,,,,False,historical_csv
2014-10-01,392.5,,,,,False,historical_csv
2014-10-02,392.5,,,,,False,historical_csv
2014-10-03,393.5,,,,,False,historical_csv
2014-10-06,393.0,,,,,False,historical_csv
2014-10-07,393.0,,,,,False,historical_csv
2014-10-08,393.0,,,,,False,historical_csv
2014-10-09,392.5,,,,,False,historical_csv
2014-10-10,421.35,,,,,False,historical_csv
2014-10-13,423.35,,,,,False,historical_csv
2014-10-14,426.45,,,,,False,historical_csv
2014-10-15,426.45,,,,,False,historical_csv
2014-10-16,429.25,,,,,False,historical_csv
2014-10-17,429.9,,,,,False,historical_csv
2014-10-20,434.1,,,,,False,historical_csv
2014-10-21,442.1,,,,,False,historical_csv
2014-10-22,445.7,,,,,False,historical_csv
2014-10-23,452.5,,,,,False,historical_csv
2014-10-24,451.2,,,,,False,historical_csv
2014-10-27,452.5,,,,,False,historical_csv
2014-10-28,452.5,,,,,False,historical_csv
2014-10-29,453.5,,,,,False,historical_csv
2014-10-30,458.5,,,,,False,historical_csv
2014-10-31,465.5,,,,,False,historical_csv
2014-11-03,458.5,,,,,False,historical_csv
2014-11-04,458.5,,,,,False,historical_csv
2014-11-05,458.5,,,,,False,historical_csv
2014-11-06,458.5,,,,,False,historical_csv
2014-11-07,478.5,,,,,False,historical_csv
2014-11-10,458.5,,,,,False,historical_csv
2014-11-11,458.5,,,,,False,historical_csv
2014-11-12,480.1,,,,,False,historical_csv
2014-11-13,468.5,,,,,False,historical_csv
2014-11-14,482.55,,,,,False,historical_csv
2014-11-17,458.5,,,,,False,historical_csv
2014-11-18,485.7,,,,,False,historical_csv
2014-11-19,488.0,,,,,False,historical_csv
2014-11-20,482.5,,,,,False,historical_csv
2014-11-21,475.0,,,,,False,historical_csv
2014-11-24,491.85,,,,,False,historical_csv
2014-11-25,492.05,,,,,False,historical_csv
2014-11-26,491.8,,,,,False,historical_csv
2014-11-27,491.8,,,,,False,historical_csv
2014-11-28,492.2,,,,,False,historical_csv
2014-12-01,488.5,,,,,False,historical_csv
2014-12-02,491.2,,,,,False,historical_csv
2014-12-03,483.0,,,,,False,historical_csv
2014-12-04,490.35,,,,,False,historical_csv
2014-12-05,489.65,,,,,False,historical_csv
2014-12-08,488.5,,,,,False,historical_csv
2014-12-09,487.55,,,,,False,historical_csv
2014-12-10,486.0,,,,,False,historical_csv
2014-12-11,483.95,,,,,False,historical_csv
2014-12-12,481.75,,,,,False,historical_csv
2014-12-15,480.75,,,,,False,historical_csv
2014-12-16,478.5,,,,,False,historical_csv
2014-12-17,477.85,,,,,False,historical_csv
2014-12-18,476.55,,,,,False,historical_csv
2014-12-19,474.95,,,,,False,historical_csv
2014-12-22,472.4,,,,,False,historical_csv
2014-12-23,469.35,,,,,False,historical_csv
2014-12-24,468.0,,,,,False,historical_csv
2014-12-25,468.0,,,,,False,historical_csv
2014-12-26,467.0,,,,,False,historical_csv
2014-12-29,467.3,,,,,False,historical_csv
2014-12-30,465.45,,,,,False,historical_csv
2014-12-31,464.75,,,,,False,historical_csv
2015-01-01,464.75,,,,,False,historical_csv
2015-01-02,464.35,,,,,False,historical_csv
2015-01-05,460.65,,,,,False,historical_csv
2015-01-06,472.5,,,,,False,historical_csv
2015-01-07,462.0,,,,,False,historical_csv
2015-01-08,458.55,,,,,False,historical_csv
2015-01-09,457.6,,,,,False,historical_csv
2015-01-12,457.75,,,,,False,historical_csv
2015-01-13,457.15,,,,,False,historical_csv
2015-01-14,457.0,,,,,False,historical_csv
2015-01-15,456.75,,,,,False,historical_csv
2015-01-16,456.7,,,,,False,historical_csv
2015-01-19,456.4,,,,,False,historical_csv
2015-01-20,455.2,,,,,False,historical_csv
2015-01-21,463.5,,,,,False,historical_csv
2015-01-22,454.35,,,,,False,historical_csv
2015-01-23,454.35,,,,,False,historical_csv
2015-01-26,453.65,,,,,False,historical_csv
2015-01-27,460.0,,,,,False,historical_csv
2015-01-28,451.6,,,,,False,historical_csv
2015-01-29,449.65,,,,,False,historical_csv
2015-01-30,449.25,,,,,False,historical_csv
2015-02-02,462.5,,,,,False,historical_csv
2015-02-03,447.05,,,,,False,historical_csv
2015-02-04,447.0,,,,,False,historical_csv
2015-02-05,445.1,,,,,False,historical_csv
2015-02-06,443.95,,,,,False,historical_csv
2015-02-09,442.9,,,,,False,historical_csv
2015-02-10,442.7,,,,,False,historical_csv
2015-02-11,441.85,,,,,False,historical_csv
2015-02-12,438.35,,,,,False,historical_csv
2015-02-13,437.2,,,,,False,historical_csv
2015-02-16,436.6,,,,,False,historical_csv
2015-02-17,435.75,,,,,False,historical_csv
2015-02-18,437.0,,,,,False,historical_csv
2015-02-19,437.9,,,,,False,historical_csv
2015-02-20,455.0,,,,,False,historical_csv
2015-02-23,437.1,,,,,False,historical_csv
2015-02-24,437.4,,,,,False,historical_csv
2015-02-25,437.35,,,,,False,historical_csv
2015-02-26,437.3,,,,,False,historical_csv
2015-02-27,437.3,,,,,False,historical_csv
2015-03-02,437.3,,,,,False,historical_csv
2015-03-03,437.3,,,,,False,historical_csv
2015-03-04,437.3,,,,,False,historical_csv
2015-03-05,437.3,,,,,False,historical_csv
2015-03-06,437.45,,,,,False,historical_csv
2015-03-09,437.45,,,,,False,historical_csv
2015-03-10,437.45,,,,,False,historical_csv
2015-03-11,436.95,,,,,False,historical_csv
2015-03-12,436.9,,,,,False,historical_csv
2015-03-13,436.95,,,,,False,historical_csv
2015-03-16,436.8,,,,,False,historical_csv
2015-03-17,436.8,,,,,False,historical_csv
2015-03-18,436.8,,,,,False,historical_csv
2015-03-19,436.65,,,,,False,historical_csv
2015-03-20,436.85,,,,,False,historical_csv
2015-03-23,436.85,,,,,False,historical_csv
2015-03-24,436.75,,,,,False,historical_csv
2015-03-25,436.75,,,,,False,historical_csv
2015-03-26,436.75,,,,,False,historical_csv
2015-03-27,436.85,,,,,False,historical_csv
2015-03-30,437.3,,,,,False,historical_csv
2015-03-31,437.6,,,,,False,historical_csv
2015-04-01,437.9,,,,,False,historical_csv
2015-04-02,437.85,,,,,False,historical_csv
2015-04-03,437.8,,,,,False,historical_csv
2015-04-06,437.9,,,,,False,historical_csv
2015-04-07,438.05,,,,,False,historical_csv
2015-04-08,438.75,,,,,False,historical_csv
2015-04-09,439.0,,,,,False,historical_csv
2015-04-10,439.45,,,,,False,historical_csv
2015-04-13,452.5,,,,,False,historical_csv
2015-04-14,439.95,,,,,False,historical_csv
2015-04-15,440.75,,,,,False,historical_csv
2015-04-16,440.75,,,,,False,historical_csv
2015-04-17,440.75,,,,,False,historical_csv
2015-04-20,441.0,,,,,False,historical_csv
2015-04-21,441.35,,,,,False,historical_csv
2015-04-22,441.38,,,,,False,historical_csv
2015-04-23,441.45,,,,,False,historical_csv
2015-04-24,441.45,,,,,False,historical_csv
2015-04-27,440.0,,,,,False,historical_csv
2015-04-28,440.6,,,,,False,historical_csv
2015-04-29,440.6,,,,,False,historical_csv
2015-04-30,440.4,,,,,False,historical_csv
2015-05-01,440.4,,,,,False,historical_csv
2015-05-04,440.3,,,,,False,historical_csv
2015-05-05,440.3,,,,,False,historical_csv
2015-05-06,440.35,,,,,False,historical_csv
2015-05-07,448.0,,,,,False,historical_csv
2015-05-08,440.3,,,,,False,historical_csv
2015-05-11,440.28,,,,,False,historical_csv
2015-05-12,440.25,,,,,False,historical_csv
2015-05-13,440.4,,,,,False,historical_csv
2015-05-14,440.4,,,,,False,historical_csv
2015-05-15,440.3,,,,,False,historical_csv
2015-05-18,440.2,,,,,False,historical_csv
2015-05-19,441.05,,,,,False,historical_csv
2015-05-20,440.0,,,,,False,historical_csv
2015-05-21,440.85,,,,,False,historical_csv
2015-05-22,440.35,,,,,False,historical_csv
2015-05-25,440.35,,,,,False,historical_csv
2015-05-26,439.98,,,,,False,historical_csv
2015-05-27,439.55,,,,,False,historical_csv
2015-05-28,439.3,,,,,False,historical_csv
2015-05-29,439.3,,,,,False,historical_csv
2015-06-01,439.05,,,,,False,historical_csv
2015-06-02,438.65,,,,,False,historical_csv
2015-06-03,438.45,,,,,False,historical_csv
2015-06-04,438.1,,,,,False,historical_csv
2015-06-05,437.8,,,,,False,historical_csv
2015-06-08,437.65,,,,,False,historical_csv
2015-06-09,437.45,,,,,False,historical_csv
2015-06-10,437.4,,,,,False,historical_csv
2015-06-11,430.0,,,,,False,historical_csv
2015-06-12,437.35,,,,,False,historical_csv
2015-06-15,437.28,,,,,False,historical_csv
2015-06-16,430.0,,,,,False,historical_csv
2015-06-17,440.5,,,,,False,historical_csv
2015-06-18,437.28,,,,,False,historical_csv
2015-06-19,437.35,,,,,False,historical_csv
2015-06-22,439.19,,,,,False,historical_csv
2015-06-23,437.38,,,,,False,historical_csv
2015-06-24,437.95,,,,,False,historical_csv
2015-06-25,438.05,,,,,False,historical_csv
2015-06-26,439.8,,,,,False,historical_csv
2015-06-29,440.45,,,,,False,historical_csv
2015-06-30,441.03,,,,,False,historical_csv
2015-07-01,443.03,,,,,False,historical_csv
2015-07-02,444.6,,,,,False,historical_csv
2015-07-03,444.75,,,,,False,historical_csv
2015-07-06,451.0,,,,,False,historical_csv
2015-07-07,445.25,,,,,False,historical_csv
2015-07-08,445.255,,,,,False,historical_csv
2015-07-09,446.9,,,,,False,historical_csv
2015-07-10,447.95,,,,,False,historical_csv
2015-07-13,450.65,,,,,False,historical_csv
2015-07-14,454.62,,,,,False,historical_csv
2015-07-15,456.8,,,,,False,historical_csv
2015-07-16,458.85,,,,,False,historical_csv
2015-07-17,460.1,,,,,False,historical_csv
2015-07-20,460.05,,,,,False,historical_csv
2015-07-21,465.18,,,,,False,historical_csv
2015-07-22,465.15,,,,,False,historical_csv
2015-07-23,473.2,,,,,False,historical_csv
2015-07-24,473.2,,,,,False,historical_csv
2015-07-27,465.0,,,,,False,historical_csv
2015-07-28,460.0,,,,,False,historical_csv
2015-07-29,507.15,,,,,False,historical_csv
2015-07-30,510.0,,,,,False,historical_csv
2015-07-31,512.1,,,,,False,historical_csv
2015-08-03,515.1,,,,,False,historical_csv
2015-08-04,516.3,,,,,False,historical_csv
2015-08-05,518.65,,,,,False,historical_csv
2015-08-06,520.05,,,,,False,historical_csv
2015-08-07,520.0,,,,,False,historical_csv
2015-08-10,524.5,,,,,False,historical_csv
2015-08-11,524.5,,,,,False,historical_csv
2015-08-12,529.92,,,,,False,historical_csv
2015-08-13,531.88,,,,,False,historical_csv
2015-08-14,531.8,,,,,False,historical_csv
2015-08-17,537.6,,,,,False,historical_csv
2015-08-18,537.65,,,,,False,historical_csv
2015-08-19,542.1,,,,,False,historical_csv
2015-08-20,544.275,,,,,False,historical_csv
2015-08-21,544.3,,,,,False,historical_csv
2015-08-24,544.6,,,,,False,historical_csv
2015-08-25,547.35,,,,,False,historical_csv
2015-08-26,548.1,,,,,False,historical_csv
2015-08-27,549.95,,,,,False,historical_csv
2015-08-28,549.95,,,,,False,historical_csv
2015-08-31,549.95,,,,,False,historical_csv
2015-09-01,560.0,,,,,False,historical_csv
2015-09-02,556.65,,,,,False,historical_csv
2015-09-03,558.1,,,,,False,historical_csv
2015-09-04,558.15,,,,,False,historical_csv
2015-09-07,558.15,,,,,False,historical_csv
2015-09-08,561.855,,,,,False,historical_csv
2015-09-09,558.15,,,,,False,historical_csv
2015-09-10,558.55,,,,,False,historical_csv
2015-09-11,558.6,,,,,False,historical_csv
2015-09-14,561.705,,,,,False,historical_csv
2015-09-15,567.835,,,,,False,historical_csv
2015-09-16,557.65,,,,,False,historical_csv
2015-09-17,557.75,,,,,False,historical_csv
2015-09-18,557.5,,,,,False,historical_csv
2015-09-21,557.5,,,,,False,historical_csv
2015-09-22,557.6,,,,,False,historical_csv
2015-09-23,562.525,,,,,False,historical_csv
2015-09-24,555.0,,,,,False,historical_csv
2015-09-25,557.58,,,,,False,historical_csv
2015-09-28,557.58,,,,,False,historical_csv
2015-09-29,557.58,,,,,False,historical_csv
2015-09-30,557.55,,,,,False,historical_csv
2015-10-01,550.945,,,,,False,historical_csv
2015-10-02,550.05,,,,,False,historical_csv
2015-10-05,549.5,,,,,False,historical_csv
2015-10-06,549.4,,,,,False,historical_csv
2015-10-07,554.605,,,,,False,historical_csv
2015-10-08,547.25,,,,,False,historical_csv
2015-10-09,557.5,,,,,False,historical_csv
2015-10-12,557.5,,,,,False,historical_csv
2015-10-13,553.81,,,,,False,historical_csv
2015-10-14,544.85,,,,,False,historical_csv
2015-10-15,557.24,,,,,False,historical_csv
2015-10-16,544.78,,,,,False,historical_csv
2015-10-19,544.1,,,,,False,historical_csv
2015-10-20,548.815,,,,,False,historical_csv
2015-10-21,551.63,,,,,False,historical_csv
2015-10-22,550.005,,,,,False,historical_csv
2015-10-23,549.3,,,,,False,historical_csv
2015-10-26,555.005,,,,,False,historical_csv
2015-10-27,552.35,,,,,False,historical_csv
2015-10-28,554.85,,,,,False,historical_csv
2015-10-29,555.02,,,,,False,historical_csv
2015-10-30,555.5,,,,,False,historical_csv
2015-11-02,558.29,,,,,False,historical_csv
2015-11-03,563.67,,,,,False,historical_csv
2015-11-04,557.5,,,,,False,historical_csv
2015-11-05,566.25,,,,,False,historical_csv
2015-11-06,560.15,,,,,False,historical_csv
2015-11-09,563.05,,,,,False,historical_csv
2015-11-10,563.05,,,,,False,historical_csv
2015-11-11,568.7,,,,,False,historical_csv
2015-11-12,567.7,,,,,False,historical_csv
2015-11-13,567.7,,,,,False,historical_csv
2015-11-16,569.9,,,,,False,historical_csv
2015-11-17,572.5,,,,,False,historical_csv
2015-11-18,566.4,,,,,False,historical_csv
2015-11-19,583.45,,,,,False,historical_csv
2015-11-20,585.64,,,,,False,historical_csv
2015-11-23,585.65,,,,,False,historical_csv
2015-11-24,585.62,,,,,False,historical_csv
2015-11-25,585.65,,,,,False,historical_csv
2015-11-26,585.65,,,,,False,historical_csv
2015-11-27,585.65,,,,,False,historical_csv
2015-11-30,599.75,,,,,False,historical_csv
2015-12-01,599.72,,,,,False,historical_csv
2015-12-02,603.825,,,,,False,historical_csv
2015-12-03,610.55,,,,,False,historical_csv
2015-12-04,608.35,,,,,False,historical_csv
2015-12-07,609.0,,,,,False,historical_csv
2015-12-08,608.85,,,,,False,historical_csv
2015-12-09,614.38,,,,,False,historical_csv
2015-12-10,623.205,,,,,False,historical_csv
2015-12-11,620.7,,,,,False,historical_csv
2015-12-14,627.835,,,,,False,historical_csv
2015-12-15,627.81,,,,,False,historical_csv
2015-12-16,597.5,,,,,False,historical_csv
2015-12-17,637.05,,,,,False,historical_csv
2015-12-18,640.9,,,,,False,historical_csv
2015-12-21,640.79,,,,,False,historical_csv
2015-12-22,644.65,,,,,False,historical_csv
2015-12-23,650.85,,,,,False,historical_csv
2015-12-24,608.5,,,,,False,historical_csv
2015-12-25,650.88,,,,,False,historical_csv
2015-12-28,650.88,,,,,False,historical_csv
2015-12-29,650.85,,,,,False,historical_csv
2015-12-30,650.85,,,,,False,historical_csv
2015-12-31,650.85,,,,,False,historical_csv
2016-01-01,650.85,,,,,False,historical_csv
2016-01-04,606.0,,,,,False,historical_csv
2016-01-05,618.0,,,,,False,historical_csv
2016-01-06,671.65,,,,,False,historical_csv
2016-01-07,675.95,,,,,False,historical_csv
2016-01-08,680.15,,,,,False,historical_csv
2016-01-11,683.5,,,,,False,historical_csv
2016-01-12,685.15,,,,,False,historical_csv
2016-01-13,688.55,,,,,False,historical_csv
2016-01-14,690.25,,,,,False,historical_csv
2016-01-15,690.25,,,,,False,historical_csv
2016-01-18,691.45,,,,,False,historical_csv
2016-01-19,694.3,,,,,False,historical_csv
2016-01-20,698.55,,,,,False,historical_csv
2016-01-21,702.55,,,,,False,historical_csv
2016-01-22,704.2,,,,,False,historical_csv
2016-01-25,705.65,,,,,False,historical_csv
2016-01-26,709.52,,,,,False,historical_csv
2016-01-27,713.52,,,,,False,historical_csv
2016-01-28,716.68,,,,,False,historical_csv
2016-01-29,721.9,,,,,False,historical_csv
2016-02-01,721.85,,,,,False,historical_csv
2016-02-02,718.7,,,,,False,historical_csv
2016-02-03,720.0,,,,,False,historical_csv
2016-02-04,720.46,,,,,False,historical_csv
2016-02-05,722.49,,,,,False,historical_csv
2016-02-08,724.2,,,,,False,historical_csv
2016-02-09,728.56,,,,,False,historical_csv
2016-02-10,731.79,,,,,False,historical_csv
2016-02-11,731.79,,,,,False,historical_csv
2016-02-12,738.7,,,,,False,historical_csv
2016-02-15,741.57,,,,,False,historical_csv
2016-02-16,743.71,,,,,False,historical_csv
2016-02-17,743.71,,,,,False,historical_csv
2016-02-18,747.8,,,,,False,historical_csv
2016-02-19,747.29,,,,,False,historical_csv
2016-02-22,754.31,,,,,False,historical_csv
2016-02-23,748.89,,,,,False,historical_csv
2016-02-24,747.83,,,,,False,historical_csv
2016-02-25,744.98,,,,,False,historical_csv
2016-02-26,741.04,,,,,False,historical_csv
2016-02-29,743.37,,,,,False,historical_csv
2016-03-01,736.9,,,,,False,historical_csv
2016-03-02,732.32,,,,,False,historical_csv
2016-03-03,732.33,,,,,False,historical_csv
2016-03-04,722.6,,,,,False,historical_csv
2016-03-07,722.36,,,,,False,historical_csv
2016-03-08,713.0,,,,,False,historical_csv
2016-03-09,709.4,,,,,False,historical_csv
2016-03-10,705.33,,,,,False,historical_csv
2016-03-11,705.3,,,,,False,historical_csv
2016-03-14,695.87,,,,,False,historical_csv
2016-03-15,690.85,,,,,False,historical_csv
2016-03-16,682.43,,,,,False,historical_csv
2016-03-17,677.7,,,,,False,historical_csv
2016-03-18,680.5,,,,,False,historical_csv
2016-03-21,680.52,,,,,False,historical_csv
2016-03-22,679.5,,,,,False,historical_csv
2016-03-23,679.52,,,,,False,historical_csv
2016-03-24,679.93,,,,,False,historical_csv
2016-03-25,679.93,,,,,False,historical_csv
2016-03-28,679.93,,,,,False,historical_csv
2016-03-29,689.4,,,,,False,historical_csv
2016-03-30,684.525,,,,,False,historical_csv
2016-03-31,677.72,,,,,False,historical_csv
2016-04-01,677.88,,,,,False,historical_csv
2016-04-04,677.74,,,,,False,historical_csv
2016-04-05,677.4,,,,,False,historical_csv
2016-04-06,677.53,,,,,False,historical_csv
2016-04-07,677.39,,,,,False,historical_csv
2016-04-08,677.45,,,,,False,historical_csv
2016-04-11,678.15,,,,,False,historical_csv
2016-04-12,678.16,,,,,False,historical_csv
2016-04-13,688.485,,,,,False,historical_csv
2016-04-14,678.3,,,,,False,historical_csv
2016-04-15,678.91,,,,,False,historical_csv
2016-04-18,685.215,,,,,False,historical_csv
2016-04-19,678.85,,,,,False,historical_csv
2016-04-20,679.11,,,,,False,historical_csv
2016-04-21,679.12,,,,,False,historical_csv
2016-04-22,679.12,,,,,False,historical_csv
2016-04-25,679.0,,,,,False,historical_csv
2016-04-26,685.34,,,,,False,historical_csv
2016-04-27,679.03,,,,,False,historical_csv
2016-04-28,680.0,,,,,False,historical_csv
2016-04-29,687.195,,,,,False,historical_csv
2016-05-02,680.25,,,,,False,historical_csv
2016-05-03,680.82,,,,,False,historical_csv
2016-05-04,680.82,,,,,False,historical_csv
2016-05-05,686.585,,,,,False,historical_csv
2016-05-06,687.25,,,,,False,historical_csv
2016-05-09,687.445,,,,,False,historical_csv
2016-05-10,687.645,,,,,False,historical_csv
2016-05-11,696.825,,,,,False,historical_csv
2016-05-12,693.46,,,,,False,historical_csv
2016-05-13,694.95,,,,,False,historical_csv
2016-05-16,694.25,,,,,False,historical_csv
2016-05-17,697.81,,,,,False,historical_csv
2016-05-18,697.55,,,,,False,historical_csv
2016-05-19,698.96,,,,,False,historical_csv
2016-05-20,700.45,,,,,False,historical_csv
2016-05-23,706.22,,,,,False,historical_csv
2016-05-24,706.7,,,,,False,historical_csv
2016-05-25,702.4,,,,,False,historical_csv
2016-05-26,702.27,,,,,False,historical_csv
2016-05-27,702.1,,,,,False,historical_csv
2016-05-30,702.1,,,,,False,historical_csv
2016-05-31,703.18,,,,,False,historical_csv
2016-06-01,709.025,,,,,False,historical_csv
2016-06-02,703.46,,,,,False,historical_csv
2016-06-03,703.29,,,,,False,historical_csv
2016-06-06,703.19,,,,,False,historical_csv
2016-06-07,703.19,,,,,False,historical_csv
2016-06-08,704.5,,,,,False,historical_csv
2016-06-09,708.21,,,,,False,historical_csv
2016-06-10,704.48,,,,,False,historical_csv
2016-06-13,709.855,,,,,False,historical_csv
2016-06-14,709.845,,,,,False,historical_csv
2016-06-15,704.51,,,,,False,historical_csv
2016-06-16,709.885,,,,,False,historical_csv
2016-06-17,704.73,,,,,False,historical_csv
2016-06-20,704.83,,,,,False,historical_csv
2016-06-21,704.87,,,,,False,historical_csv
2016-06-22,705.13,,,,,False,historical_csv
2016-06-23,705.5,,,,,False,historical_csv
2016-06-24,706.25,,,,,False,historical_csv
2016-06-27,706.44,,,,,False,historical_csv
2016-06-28,706.43,,,,,False,historical_csv
2016-06-29,706.5,,,,,False,historical_csv
2016-06-30,706.88,,,,,False,historical_csv
2016-07-01,707.06,,,,,False,historical_csv
2016-07-04,707.06,,,,,False,historical_csv
2016-07-05,707.31,,,,,False,historical_csv
2016-07-06,714.755,,,,,False,historical_csv
2016-07-07,713.11,,,,,False,historical_csv
2016-07-08,713.9,,,,,False,historical_csv
2016-07-11,713.83,,,,,False,historical_csv
2016-07-12,707.83,,,,,False,historical_csv
2016-07-13,707.83,,,,,False,historical_csv
2016-07-14,714.79,,,,,False,historical_csv
2016-07-15,718.075,,,,,False,historical_csv
2016-07-18,708.95,,,,,False,historical_csv
2016-07-19,709.18,,,,,False,historical_csv
2016-07-20,717.235,,,,,False,historical_csv
2016-07-21,717.495,,,,,False,historical_csv
2016-07-22,710.83,,,,,False,historical_csv
2016-07-25,717.915,,,,,False,historical_csv
2016-07-26,718.135,,,,,False,historical_csv
2016-07-27,712.36,,,,,False,historical_csv
2016-07-28,713.2,,,,,False,historical_csv
2016-07-29,713.19,,,,,False,historical_csv
2016-08-01,713.65,,,,,False,historical_csv
2016-08-02,720.15,,,,,False,historical_csv
2016-08-03,714.08,,,,,False,historical_csv
2016-08-04,713.7,,,,,False,historical_csv
2016-08-05,713.89,,,,,False,historical_csv
2016-08-08,720.2,,,,,False,historical_csv
2016-08-09,714.17,,,,,False,historical_csv
2016-08-10,714.17,,,,,False,historical_csv
2016-08-11,720.57,,,,,False,historical_csv
2016-08-12,714.19,,,,,False,historical_csv
2016-08-15,720.0,,,,,False,historical_csv
2016-08-16,717.5,,,,,False,historical_csv
2016-08-17,719.76,,,,,False,historical_csv
2016-08-18,714.22,,,,,False,historical_csv
2016-08-19,714.46,,,,,False,historical_csv
2016-08-22,714.46,,,,,False,historical_csv
2016-08-23,720.715,,,,,False,historical_csv
2016-08-24,720.445,,,,,False,historical_csv
2016-08-25,714.36,,,,,False,historical_csv
2016-08-26,714.56,,,,,False,historical_csv
2016-08-29,713.93,,,,,False,historical_csv
2016-08-30,714.05,,,,,False,historical_csv
2016-08-31,714.54,,,,,False,historical_csv
2016-09-01,714.41,,,,,False,historical_csv
2016-09-02,713.96,,,,,False,historical_csv
2016-09-05,713.96,,,,,False,historical_csv
2016-09-06,720.8,,,,,False,historical_csv
2016-09-07,714.37,,,,,False,historical_csv
2016-09-08,719.875,,,,,False,historical_csv
2016-09-09,715.06,,,,,False,historical_csv
2016-09-12,714.84,,,,,False,historical_csv
2016-09-13,714.91,,,,,False,historical_csv
2016-09-14,721.02,,,,,False,historical_csv
2016-09-15,714.78,,,,,False,historical_csv
2016-09-16,715.14,,,,,False,historical_csv
2016-09-19,714.95,,,,,False,historical_csv
2016-09-20,715.18,,,,,False,historical_csv
2016-09-21,721.075,,,,,False,historical_csv
2016-09-22,721.33,,,,,False,historical_csv
2016-09-23,715.04,,,,,False,historical_csv
2016-09-26,715.09,,,,,False,historical_csv
2016-09-27,714.95,,,,,False,historical_csv
2016-09-28,715.29,,,,,False,historical_csv
2016-09-29,721.08,,,,,False,historical_csv
2016-09-30,715.16,,,,,False,historical_csv
2016-10-03,714.38,,,,,False,historical_csv
2016-10-04,719.73,,,,,False,historical_csv
2016-10-05,714.88,,,,,False,historical_csv
2016-10-06,715.0,,,,,False,historical_csv
2016-10-07,714.62,,,,,False,historical_csv
2016-10-10,714.62,,,,,False,historical_csv
2016-10-11,715.0,,,,,False,historical_csv
2016-10-12,719.6,,,,,False,historical_csv
2016-10-13,719.28,,,,,False,historical_csv
2016-10-14,715.06,,,,,False,historical_csv
2016-10-17,715.06,,,,,False,historical_csv
2016-10-18,714.22,,,,,False,historical_csv
2016-10-19,712.5,,,,,False,historical_csv
2016-10-20,714.22,,,,,False,historical_csv
2016-10-21,715.16,,,,,False,historical_csv
2016-10-24,715.16,,,,,False,historical_csv
2016-10-25,714.93,,,,,False,historical_csv
2016-10-26,721.205,,,,,False,historical_csv
2016-10-27,714.93,,,,,False,historical_csv
2016-10-28,715.01,,,,,False,historical_csv
2016-10-31,715.02,,,,,False,historical_csv
2016-11-01,720.24,,,,,False,historical_csv
2016-11-02,714.24,,,,,False,historical_csv
2016-11-03,719.92,,,,,False,historical_csv
2016-11-04,719.92,,,,,False,historical_csv
2016-11-07,720.885,,,,,False,historical_csv
2016-11-08,714.9,,,,,False,historical_csv
2016-11-09,720.205,,,,,False,historical_csv
2016-11-10,721.04,,,,,False,historical_csv
2016-11-11,714.59,,,,,False,historical_csv
2016-11-14,721.085,,,,,False,historical_csv
2016-11-15,714.9,,,,,False,historical_csv
2016-11-16,722.18,,,,,False,historical_csv
2016-11-17,721.185,,,,,False,historical_csv
2016-11-18,715.17,,,,,False,historical_csv
2016-11-21,715.2,,,,,False,historical_csv
2016-11-22,715.27,,,,,False,historical_csv
2016-11-23,714.67,,,,,False,historical_csv
2016-11-24,714.66,,,,,False,historical_csv
2016-11-25,716.13,,,,,False,historical_csv
2016-11-28,723.0,,,,,False,historical_csv
2016-11-29,723.005,,,,,False,historical_csv
2016-11-30,724.855,,,,,False,historical_csv
2016-12-01,729.5,,,,,False,historical_csv
2016-12-02,718.79,,,,,False,historical_csv
2016-12-05,727.465,,,,,False,historical_csv
2016-12-06,719.05,,,,,False,historical_csv
2016-12-07,718.99,,,,,False,historical_csv
2016-12-08,727.465,,,,,False,historical_csv
2016-12-09,718.91,,,,,False,historical_csv
2016-12-12,718.9,,,,,False,historical_csv
2016-12-13,727.465,,,,,False,historical_csv
2016-12-14,718.82,,,,,False,historical_csv
2016-12-15,718.4,,,,,False,historical_csv
2016-12-16,718.08,,,,,False,historical_csv
2016-12-19,718.65,,,,,False,historical_csv
2016-12-20,718.27,,,,,False,historical_csv
2016-12-21,718.27,,,,,False,historical_csv
2016-12-22,718.45,,,,,False,historical_csv
2016-12-23,718.45,,,,,False,historical_csv
2016-12-26,718.45,,,,,False,historical_csv
2016-12-27,727.465,,,,,False,historical_csv
2016-12-28,718.4,,,,,False,historical_csv
2016-12-29,718.4,,,,,False,historical_csv
2016-12-30,718.26,,,,,False,historical_csv
2017-01-02,718.27,,,,,False,historical_csv
2017-01-03,727.465,,,,,False,historical_csv
2017-01-04,727.485,,,,,False,historical_csv
2017-01-05,723.7,,,,,False,historical_csv
2017-01-06,723.8,,,,,False,historical_csv
2017-01-09,724.75,,,,,False,historical_csv
2017-01-10,724.82,,,,,False,historical_csv
2017-01-11,724.22,,,,,False,historical_csv
2017-01-12,724.2,,,,,False,historical_csv
2017-01-13,724.5,,,,,False,historical_csv
2017-01-16,724.18,,,,,False,historical_csv
2017-01-17,724.15,,,,,False,historical_csv
2017-01-18,724.09,,,,,False,historical_csv
2017-01-19,725.0,,,,,False,historical_csv
2017-01-20,724.25,,,,,False,historical_csv
2017-01-23,727.0,,,,,False,historical_csv
2017-01-24,725.515,,,,,False,historical_csv
2017-01-25,725.6,,,,,False,historical_csv
2017-01-26,725.6,,,,,False,historical_csv
2017-01-27,724.21,,,,,False,historical_csv
2017-01-30,723.92,,,,,False,historical_csv
2017-01-31,723.89,,,,,False,historical_csv
2017-02-01,723.89,,,,,False,historical_csv
2017-02-02,724.06,,,,,False,historical_csv
2017-02-03,724.27,,,,,False,historical_csv
2017-02-06,723.945,,,,,False,historical_csv
2017-02-07,724.27,,,,,False,historical_csv
2017-02-08,724.08,,,,,False,historical_csv
2017-02-09,724.25,,,,,False,historical_csv
2017-02-10,724.13,,,,,False,historical_csv
2017-02-13,724.35,,,,,False,historical_csv
2017-02-14,724.25,,,,,False,historical_csv
2017-02-15,724.31,,,,,False,historical_csv
2017-02-16,724.27,,,,,False,historical_csv
2017-02-17,726.0,,,,,False,historical_csv
2017-02-20,724.27,,,,,False,historical_csv
2017-02-21,724.54,,,,,False,historical_csv
2017-02-22,724.25,,,,,False,historical_csv
2017-02-23,724.39,,,,,False,historical_csv
2017-02-24,724.39,,,,,False,historical_csv
2017-02-27,724.4,,,,,False,historical_csv
2017-02-28,724.4,,,,,False,historical_csv
2017-03-01,724.4,,,,,False,historical_csv
2017-03-02,724.25,,,,,False,historical_csv
2017-03-03,724.33,,,,,False,historical_csv
2017-03-06,728.335,,,,,False,historical_csv
2017-03-07,728.075,,,,,False,historical_csv
2017-03-08,724.17,,,,,False,historical_csv
2017-03-09,726.93,,,,,False,historical_csv
2017-03-10,724.44,,,,,False,historical_csv
2017-03-13,724.52,,,,,False,historical_csv
2017-03-14,724.53,,,,,False,historical_csv
2017-03-15,728.2,,,,,False,historical_csv
2017-03-16,724.47,,,,,False,historical_csv
2017-03-17,724.32,,,,,False,historical_csv
2017-03-20,724.32,,,,,False,historical_csv
2017-03-21,724.39,,,,,False,historical_csv
2017-03-22,724.39,,,,,False,historical_csv
2017-03-23,728.12,,,,,False,historical_csv
2017-03-24,724.41,,,,,False,historical_csv
2017-03-27,728.64,,,,,False,historical_csv
2017-03-28,724.41,,,,,False,historical_csv
2017-03-29,724.41,,,,,False,historical_csv
2017-03-30,724.41,,,,,False,historical_csv
2017-03-31,724.41,,,,,False,historical_csv
2017-04-03,728.3,,,,,False,historical_csv
2017-04-04,728.64,,,,,False,historical_csv
2017-04-05,724.42,,,,,False,historical_csv
2017-04-06,724.39,,,,,False,historical_csv
2017-04-07,724.39,,,,,False,historical_csv
2017-04-10,724.39,,,,,False,historical_csv
2017-04-11,725.68,,,,,False,historical_csv
2017-04-12,729.07,,,,,False,historical_csv
2017-04-13,725.29,,,,,False,historical_csv
2017-04-14,725.0,,,,,False,historical_csv
2017-04-17,725.89,,,,,False,historical_csv
2017-04-18,725.925,,,,,False,historical_csv
2017-04-19,725.885,,,,,False,historical_csv
2017-04-20,725.28,,,,,False,historical_csv
2017-04-21,725.27,,,,,False,historical_csv
2017-04-24,725.29,,,,,False,historical_csv
2017-04-25,725.31,,,,,False,historical_csv
2017-04-26,725.49,,,,,False,historical_csv
2017-04-27,725.48,,,,,False,historical_csv
2017-04-28,726.045,,,,,False,historical_csv
2017-05-01,725.45,,,,,False,historical_csv
2017-05-02,725.14,,,,,False,historical_csv
2017-05-03,725.97,,,,,False,historical_csv
2017-05-04,725.15,,,,,False,historical_csv
2017-05-05,725.0,,,,,False,historical_csv
2017-05-08,725.915,,,,,False,historical_csv
2017-05-09,725.18,,,,,False,historical_csv
2017-05-10,725.18,,,,,False,historical_csv
2017-05-11,725.17,,,,,False,historical_csv
2017-05-12,725.18,,,,,False,historical_csv
2017-05-15,725.18,,,,,False,historical_csv
2017-05-16,725.845,,,,,False,historical_csv
2017-05-17,725.17,,,,,False,historical_csv
2017-05-18,727.21,,,,,False,historical_csv
2017-05-19,725.07,,,,,False,historical_csv
2017-05-22,725.72,,,,,False,historical_csv
2017-05-23,725.01,,,,,False,historical_csv
2017-05-24,725.765,,,,,False,historical_csv
2017-05-25,725.09,,,,,False,historical_csv
2017-05-26,725.12,,,,,False,historical_csv
2017-05-29,725.12,,,,,False,historical_csv
2017-05-30,725.805,,,,,False,historical_csv
2017-05-31,725.08,,,,,False,historical_csv
2017-06-01,725.07,,,,,False,historical_csv
2017-06-02,724.95,,,,,False,historical_csv
2017-06-05,725.05,,,,,False,historical_csv
2017-06-06,724.45,,,,,False,historical_csv
2017-06-07,724.46,,,,,False,historical_csv
2017-06-08,724.39,,,,,False,historical_csv
2017-06-09,724.39,,,,,False,historical_csv
2017-06-12,728.85,,,,,False,historical_csv
2017-06-13,724.32,,,,,False,historical_csv
2017-06-14,727.21,,,,,False,historical_csv
2017-06-15,728.03,,,,,False,historical_csv
2017-06-16,724.15,,,,,False,historical_csv
2017-06-19,725.315,,,,,False,historical_csv
2017-06-20,724.15,,,,,False,historical_csv
2017-06-21,723.92,,,,,False,historical_csv
2017-06-22,725.145,,,,,False,historical_csv
2017-06-23,723.75,,,,,False,historical_csv
2017-06-26,725.135,,,,,False,historical_csv
2017-06-27,725.19,,,,,False,historical_csv
2017-06-28,723.73,,,,,False,historical_csv
2017-06-29,723.73,,,,,False,historical_csv
2017-06-30,723.72,,,,,False,historical_csv
2017-07-03,725.0,,,,,False,historical_csv
2017-07-04,723.55,,,,,False,historical_csv
2017-07-05,727.54,,,,,False,historical_csv
2017-07-06,723.65,,,,,False,historical_csv
2017-07-07,725.03,,,,,False,historical_csv
2017-07-10,725.4,,,,,False,historical_csv
2017-07-11,725.24,,,,,False,historical_csv
2017-07-12,723.28,,,,,False,historical_csv
2017-07-13,723.15,,,,,False,historical_csv
2017-07-14,724.89,,,,,False,historical_csv
2017-07-17,723.15,,,,,False,historical_csv
2017-07-18,723.18,,,,,False,historical_csv
2017-07-19,724.835,,,,,False,historical_csv
2017-07-20,724.845,,,,,False,historical_csv
2017-07-21,723.2,,,,,False,historical_csv
2017-07-24,724.835,,,,,False,historical_csv
2017-07-25,725.735,,,,,False,historical_csv
2017-07-26,725.015,,,,,False,historical_csv
2017-07-27,724.96,,,,,False,historical_csv
2017-07-28,723.43,,,,,False,historical_csv
2017-07-31,730.0,,,,,False,historical_csv
2017-08-01,723.33,,,,,False,historical_csv
2017-08-02,723.34,,,,,False,historical_csv
2017-08-03,725.555,,,,,False,historical_csv
2017-08-04,723.47,,,,,False,historical_csv
2017-08-07,723.42,,,,,False,historical_csv
2017-08-08,725.665,,,,,False,historical_csv
2017-08-09,725.34,,,,,False,historical_csv
2017-08-10,723.43,,,,,False,historical_csv
2017-08-11,723.43,,,,,False,historical_csv
2017-08-14,724.97,,,,,False,historical_csv
2017-08-15,723.35,,,,,False,historical_csv
2017-08-16,726.005,,,,,False,historical_csv
2017-08-17,726.2,,,,,False,historical_csv
2017-08-18,726.235,,,,,False,historical_csv
2017-08-21,724.97,,,,,False,historical_csv
2017-08-22,725.77,,,,,False,historical_csv
2017-08-23,725.84,,,,,False,historical_csv
2017-08-24,723.56,,,,,False,historical_csv
2017-08-25,725.105,,,,,False,historical_csv
2017-08-28,723.83,,,,,False,historical_csv
2017-08-29,723.72,,,,,False,historical_csv
2017-08-30,725.275,,,,,False,historical_csv
2017-08-31,725.96,,,,,False,historical_csv
2017-09-01,723.69,,,,,False,historical_csv
2017-09-04,723.59,,,,,False,historical_csv
2017-09-05,724.905,,,,,False,historical_csv
2017-09-06,725.245,,,,,False,historical_csv
2017-09-07,725.88,,,,,False,historical_csv
2017-09-08,723.69,,,,,False,historical_csv
2017-09-11,723.7,,,,,False,historical_csv
2017-09-12,726.045,,,,,False,historical_csv
2017-09-13,723.71,,,,,False,historical_csv
2017-09-14,723.71,,,,,False,historical_csv
2017-09-15,723.7,,,,,False,historical_csv
2017-09-18,723.71,,,,,False,historical_csv
2017-09-19,723.8,,,,,False,historical_csv
2017-09-20,723.82,,,,,False,historical_csv
2017-09-21,723.82,,,,,False,historical_csv
2017-09-22,723.83,,,,,False,historical_csv
2017-09-25,728.315,,,,,False,historical_csv
2017-09-26,726.525,,,,,False,historical_csv
2017-09-27,723.7,,,,,False,historical_csv
2017-09-28,723.7,,,,,False,historical_csv
2017-09-29,725.21,,,,,False,historical_csv
2017-10-02,723.72,,,,,False,historical_csv
2017-10-03,726.275,,,,,False,historical_csv
2017-10-04,725.21,,,,,False,historical_csv
2017-10-05,723.68,,,,,False,historical_csv
2017-10-06,723.67,,,,,False,historical_csv
2017-10-09,723.69,,,,,False,historical_csv
2017-10-10,730.025,,,,,False,historical_csv
2017-10-11,725.52,,,,,False,historical_csv
2017-10-12,723.68,,,,,False,historical_csv
2017-10-13,725.52,,,,,False,historical_csv
2017-10-16,723.66,,,,,False,historical_csv
2017-10-17,725.33,,,,,False,historical_csv
2017-10-18,723.66,,,,,False,historical_csv
2017-10-19,723.66,,,,,False,historical_csv
2017-10-20,723.65,,,,,False,historical_csv
2017-10-23,723.66,,,,,False,historical_csv
2017-10-24,735.68,,,,,False,historical_csv
2017-10-25,723.72,,,,,False,historical_csv
2017-10-26,723.67,,,,,False,historical_csv
2017-10-27,723.67,,,,,False,historical_csv
2017-10-30,725.275,,,,,False,historical_csv
2017-10-31,723.65,,,,,False,historical_csv
2017-11-01,723.62,,,,,False,historical_csv
2017-11-02,725.145,,,,,False,historical_csv
2017-11-03,723.7,,,,,False,historical_csv
2017-11-06,723.72,,,,,False,historical_csv
2017-11-07,725.205,,,,,False,historical_csv
2017-11-08,723.75,,,,,False,historical_csv
2017-11-09,725.395,,,,,False,historical_csv
2017-11-10,723.85,,,,,False,historical_csv
2017-11-13,723.82,,,,,False,historical_csv
2017-11-14,725.21,,,,,False,historical_csv
2017-11-15,726.205,,,,,False,historical_csv
2017-11-16,723.9,,,,,False,historical_csv
2017-11-17,723.9,,,,,False,historical_csv
2017-11-20,723.9,,,,,False,historical_csv
2017-11-21,723.85,,,,,False,historical_csv
2017-11-22,723.65,,,,,False,historical_csv
2017-11-23,720.0,,,,,False,historical_csv
2017-11-24,723.65,,,,,False,historical_csv
2017-11-27,723.67,,,,,False,historical_csv
2017-11-28,723.66,,,,,False,historical_csv
2017-11-29,726.335,,,,,False,historical_csv
2017-11-30,721.0,,,,,False,historical_csv
2017-12-01,720.9,,,,,False,historical_csv
2017-12-04,726.0,,,,,False,historical_csv
2017-12-05,720.9,,,,,False,historical_csv
2017-12-06,726.475,,,,,False,historical_csv
2017-12-07,721.0,,,,,False,historical_csv
2017-12-08,720.94,,,,,False,historical_csv
2017-12-11,720.9,,,,,False,historical_csv
2017-12-12,721.0,,,,,False,historical_csv
2017-12-13,720.94,,,,,False,historical_csv
2017-12-14,721.0,,,,,False,historical_csv
2017-12-15,721.02,,,,,False,historical_csv
2017-12-18,725.365,,,,,False,historical_csv
2017-12-19,725.845,,,,,False,historical_csv
2017-12-20,726.0,,,,,False,historical_csv
2017-12-21,725.24,,,,,False,historical_csv
2017-12-22,721.0,,,,,False,historical_csv
2017-12-25,721.0,,,,,False,historical_csv
2017-12-26,720.95,,,,,False,historical_csv
2017-12-27,720.94,,,,,False,historical_csv
2017-12-28,720.92,,,,,False,historical_csv
2017-12-29,720.98,,,,,False,historical_csv
2018-01-01,720.98,,,,,False,historical_csv
2018-01-02,725.255,,,,,False,historical_csv
2018-01-03,720.98,,,,,False,historical_csv
2018-01-04,720.94,,,,,False,historical_csv
2018-01-05,720.94,,,,,False,historical_csv
2018-01-08,720.9,,,,,False,historical_csv
2018-01-09,720.92,,,,,False,historical_csv
2018-01-10,720.94,,,,,False,historical_csv
2018-01-11,720.92,,,,,False,historical_csv
2018-01-12,720.94,,,,,False,historical_csv
2018-01-15,720.95,,,,,False,historical_csv
2018-01-16,721.0,,,,,False,historical_csv
2018-01-17,725.38,,,,,False,historical_csv
2018-01-18,720.98,,,,,False,historical_csv
2018-01-19,720.98,,,,,False,historical_csv
2018-01-22,720.94,,,,,False,historical_csv
2018-01-23,725.23,,,,,False,historical_csv
2018-01-24,720.98,,,,,False,historical_csv
2018-01-25,721.0,,,,,False,historical_csv
2018-01-26,720.95,,,,,False,historical_csv
2018-01-29,720.95,,,,,False,historical_csv
2018-01-30,720.92,,,,,False,historical_csv
2018-01-31,720.94,,,,,False,historical_csv
2018-02-01,720.9,,,,,False,historical_csv
2018-02-02,720.98,,,,,False,historical_csv
2018-02-05,720.9,,,,,False,historical_csv
2018-02-06,724.855,,,,,False,historical_csv
2018-02-07,720.9,,,,,False,historical_csv
2018-02-08,720.98,,,,,False,historical_csv
2018-02-09,720.9,,,,,False,historical_csv
2018-02-12,720.94,,,,,False,historical_csv
2018-02-13,725.155,,,,,False,historical_csv
2018-02-14,720.9,,,,,False,historical_csv
2018-02-15,724.83,,,,,False,historical_csv
2018-02-16,720.94,,,,,False,historical_csv
2018-02-19,720.94,,,,,False,historical_csv
2018-02-20,720.94,,,,,False,historical_csv
2018-02-21,720.94,,,,,False,historical_csv
2018-02-22,725.88,,,,,False,historical_csv
2018-02-23,730.0,,,,,False,historical_csv
2018-02-26,720.94,,,,,False,historical_csv
2018-02-27,720.94,,,,,False,historical_csv
2018-02-28,720.94,,,,,False,historical_csv
2018-03-01,720.94,,,,,False,historical_csv
2018-03-02,720.98,,,,,False,historical_csv
2018-03-05,720.94,,,,,False,historical_csv
2018-03-06,720.98,,,,,False,historical_csv
2018-03-07,720.92,,,,,False,historical_csv
2018-03-08,720.9,,,,,False,historical_csv
2018-03-09,720.9,,,,,False,historical_csv
2018-03-12,720.95,,,,,False,historical_csv
2018-03-13,720.95,,,,,False,historical_csv
2018-03-14,720.92,,,,,False,historical_csv
2018-03-15,720.95,,,,,False,historical_csv
2018-03-16,724.925,,,,,False,historical_csv
2018-03-19,720.94,,,,,False,historical_csv
2018-03-20,720.94,,,,,False,historical_csv
2018-03-21,720.94,,,,,False,historical_csv
2018-03-22,725.28,,,,,False,historical_csv
2018-03-23,720.9,,,,,False,historical_csv
2018-03-26,720.94,,,,,False,historical_csv
2018-03-27,720.98,,,,,False,historical_csv
2018-03-28,720.92,,,,,False,historical_csv
2018-03-29,723.5,,,,,False,historical_csv
2018-03-30,720.94,,,,,False,historical_csv
2018-04-02,724.56,,,,,False,historical_csv
2018-04-03,720.94,,,,,False,historical_csv
2018-04-04,720.94,,,,,False,historical_csv
2018-04-05,726.125,,,,,False,historical_csv
2018-04-06,724.41,,,,,False,historical_csv
2018-04-09,720.94,,,,,False,historical_csv
2018-04-10,720.94,,,,,False,historical_csv
2018-04-11,720.94,,,,,False,historical_csv
2018-04-12,722.81,,,,,False,historical_csv
2018-04-13,720.94,,,,,False,historical_csv
2018-04-16,720.94,,,,,False,historical_csv
2018-04-17,720.94,,,,,False,historical_csv
2018-04-18,720.93,,,,,False,historical_csv
2018-04-19,720.9,,,,,False,historical_csv
2018-04-20,723.84,,,,,False,historical_csv
2018-04-23,720.92,,,,,False,historical_csv
2018-04-24,720.95,,,,,False,historical_csv
2018-04-25,720.5,,,,,False,historical_csv
2018-04-26,723.43,,,,,False,historical_csv
2018-04-27,722.675,,,,,False,historical_csv
2018-04-30,720.95,,,,,False,historical_csv
2018-05-01,720.95,,,,,False,historical_csv
2018-05-02,723.45,,,,,False,historical_csv
2018-05-03,720.0,,,,,False,historical_csv
2018-05-04,720.94,,,,,False,historical_csv
2018-05-07,720.94,,,,,False,historical_csv
2018-05-08,720.94,,,,,False,historical_csv
2018-05-09,724.42,,,,,False,historical_csv
2018-05-10,720.95,,,,,False,historical_csv
2018-05-11,721.2,,,,,False,historical_csv
2018-05-14,720.95,,,,,False,historical_csv
2018-05-15,722.705,,,,,False,historical_csv
2018-05-16,720.93,,,,,False,historical_csv
2018-05-17,723.635,,,,,False,historical_csv
2018-05-18,720.95,,,,,False,historical_csv
2018-05-21,720.0,,,,,False,historical_csv
2018-05-22,722.79,,,,,False,historical_csv
2018-05-23,720.94,,,,,False,historical_csv
2018-05-24,722.305,,,,,False,historical_csv
2018-05-25,720.94,,,,,False,historical_csv
2018-05-28,720.95,,,,,False,historical_csv
2018-05-29,720.95,,,,,False,historical_csv
2018-05-30,720.95,,,,,False,historical_csv
2018-05-31,722.68,,,,,False,historical_csv
2018-06-01,720.93,,,,,False,historical_csv
2018-06-04,722.31,,,,,False,historical_csv
2018-06-05,720.95,,,,,False,historical_csv
2018-06-06,720.92,,,,,False,historical_csv
2018-06-07,720.94,,,,,False,historical_csv
2018-06-08,720.94,,,,,False,historical_csv
2018-06-11,720.94,,,,,False,historical_csv
2018-06-12,719.5,,,,,False,historical_csv
2018-06-13,720.94,,,,,False,historical_csv
2018-06-14,720.94,,,,,False,historical_csv
2018-06-15,720.95,,,,,False,historical_csv
2018-06-18,722.18,,,,,False,historical_csv
2018-06-19,720.95,,,,,False,historical_csv
2018-06-20,723.885,,,,,False,historical_csv
2018-06-21,720.95,,,,,False,historical_csv
2018-06-22,720.93,,,,,False,historical_csv
2018-06-25,720.95,,,,,False,historical_csv
2018-06-26,720.95,,,,,False,historical_csv
2018-06-27,720.95,,,,,False,historical_csv
2018-06-28,724.475,,,,,False,historical_csv
2018-06-29,720.95,,,,,False,historical_csv
2018-07-02,720.93,,,,,False,historical_csv
2018-07-03,720.94,,,,,False,historical_csv
2018-07-04,720.94,,,,,False,historical_csv
2018-07-05,720.94,,,,,False,historical_csv
2018-07-06,720.0,,,,,False,historical_csv
2018-07-09,720.95,,,,,False,historical_csv
2018-07-10,720.95,,,,,False,historical_csv
2018-07-11,720.95,,,,,False,historical_csv
2018-07-12,720.94,,,,,False,historical_csv
2018-07-13,721.0,,,,,False,historical_csv
2018-07-16,720.94,,,,,False,historical_csv
2018-07-17,720.94,,,,,False,historical_csv
2018-07-18,720.0,,,,,False,historical_csv
2018-07-19,720.94,,,,,False,historical_csv
2018-07-20,720.94,,,,,False,historical_csv
2018-07-23,720.94,,,,,False,historical_csv
2018-07-24,725.985,,,,,False,historical_csv
2018-07-25,720.94,,,,,False,historical_csv
2018-07-26,720.94,,,,,False,historical_csv
2018-07-27,720.94,,,,,False,historical_csv
2018-07-30,724.61,,,,,False,historical_csv
2018-07-31,724.955,,,,,False,historical_csv
2018-08-01,722.67,,,,,False,historical_csv
2018-08-02,720.94,,,,,False,historical_csv
2018-08-03,720.94,,,,,False,historical_csv
2018-08-06,720.94,,,,,False,historical_csv
2018-08-07,720.0,,,,,False,historical_csv
2018-08-08,720.94,,,,,False,historical_csv
2018-08-09,720.94,,,,,False,historical_csv
2018-08-10,720.94,,,,,False,historical_csv
2018-08-13,720.94,,,,,False,historical_csv
2018-08-14,722.455,,,,,False,historical_csv
2018-08-15,720.95,,,,,False,historical_csv
2018-08-16,721.0,,,,,False,historical_csv
2018-08-17,720.95,,,,,False,historical_csv
2018-08-20,720.95,,,,,False,historical_csv
2018-08-21,720.95,,,,,False,historical_csv
2018-08-22,720.95,,,,,False,historical_csv
2018-08-23,720.0,,,,,False,historical_csv
2018-08-24,720.95,,,,,False,historical_csv
2018-08-27,720.95,,,,,False,historical_csv
2018-08-28,720.95,,,,,False,historical_csv
2018-08-29,723.19,,,,,False,historical_csv
2018-08-30,720.94,,,,,False,historical_csv
2018-08-31,720.94,,,,,False,historical_csv
2018-09-03,720.94,,,,,False,historical_csv
2018-09-04,722.57,,,,,False,historical_csv
2018-09-05,720.94,,,,,False,historical_csv
2018-09-06,722.535,,,,,False,historical_csv
2018-09-07,720.94,,,,,False,historical_csv
2018-09-10,720.94,,,,,False,historical_csv
2018-09-11,720.94,,,,,False,historical_csv
2018-09-12,720.94,,,,,False,historical_csv
2018-09-13,720.94,,,,,False,historical_csv
2018-09-14,720.94,,,,,False,historical_csv
2018-09-17,720.94,,,,,False,historical_csv
2018-09-18,720.94,,,,,False,historical_csv
2018-09-19,720.95,,,,,False,historical_csv
2018-09-20,720.95,,,,,False,historical_csv
2018-09-21,726.4,,,,,False,historical_csv
2018-09-24,726.33,,,,,False,historical_csv
2018-09-25,726.33,,,,,False,historical_csv
2018-09-26,727.22,,,,,False,historical_csv
2018-09-27,727.58,,,,,False,historical_csv
2018-09-28,727.35,,,,,False,historical_csv
2018-10-01,727.36,,,,,False,historical_csv
2018-10-02,727.57,,,,,False,historical_csv
2018-10-03,727.62,,,,,False,historical_csv
2018-10-04,720.0,,,,,False,historical_csv
2018-10-05,728.43,,,,,False,historical_csv
2018-10-08,728.06,,,,,False,historical_csv
2018-10-09,728.12,,,,,False,historical_csv
2018-10-10,728.09,,,,,False,historical_csv
2018-10-11,728.12,,,,,False,historical_csv
2018-10-12,728.12,,,,,False,historical_csv
2018-10-15,728.3,,,,,False,historical_csv
2018-10-16,728.39,,,,,False,historical_csv
2018-10-17,728.395,,,,,False,historical_csv
2018-10-18,728.39,,,,,False,historical_csv
2018-10-19,728.77,,,,,False,historical_csv
2018-10-22,720.0,,,,,False,historical_csv
2018-10-23,728.86,,,,,False,historical_csv
2018-10-24,728.91,,,,,False,historical_csv
2018-10-25,728.95,,,,,False,historical_csv
2018-10-26,728.95,,,,,False,historical_csv
2018-10-29,729.0,,,,,False,historical_csv
2018-10-30,728.67,,,,,False,historical_csv
2018-10-31,728.93,,,,,False,historical_csv
2018-11-01,728.93,,,,,False,historical_csv
2018-11-02,728.93,,,,,False,historical_csv
2018-11-05,728.98,,,,,False,historical_csv
2018-11-06,728.98,,,,,False,historical_csv
2018-11-07,728.98,,,,,False,historical_csv
2018-11-08,729.0,,,,,False,historical_csv
2018-11-09,729.0,,,,,False,historical_csv
2018-11-12,729.0,,,,,False,historical_csv
2018-11-13,728.98,,,,,False,historical_csv
2018-11-14,728.845,,,,,False,historical_csv
2018-11-15,729.21,,,,,False,historical_csv
2018-11-16,729.41,,,,,False,historical_csv
2018-11-19,729.61,,,,,False,historical_csv
2018-11-20,729.45,,,,,False,historical_csv
2018-11-21,729.125,,,,,False,historical_csv
2018-11-22,725.0,,,,,False,historical_csv
2018-11-23,730.47,,,,,False,historical_csv
2018-11-26,725.595,,,,,False,historical_csv
2018-11-27,731.53,,,,,False,historical_csv
2018-11-28,732.56,,,,,False,historical_csv
2018-11-29,732.56,,,,,False,historical_csv
2018-11-30,731.98,,,,,False,historical_csv
2018-12-03,732.17,,,,,False,historical_csv
2018-12-04,732.28,,,,,False,historical_csv
2018-12-05,733.48,,,,,False,historical_csv
2018-12-06,732.66,,,,,False,historical_csv
2018-12-07,731.61,,,,,False,historical_csv
2018-12-10,731.61,,,,,False,historical_csv
2018-12-11,732.48,,,,,False,historical_csv
2018-12-12,730.89,,,,,False,historical_csv
2018-12-13,730.585,,,,,False,historical_csv
2018-12-14,729.78,,,,,False,historical_csv
2018-12-17,729.78,,,,,False,historical_csv
2018-12-18,730.28,,,,,False,historical_csv
2018-12-19,729.9,,,,,False,historical_csv
2018-12-20,729.97,,,,,False,historical_csv
2018-12-21,729.1,,,,,False,historical_csv
2018-12-24,728.77,,,,,False,historical_csv
2018-12-25,728.77,,,,,False,historical_csv
2018-12-26,728.77,,,,,False,historical_csv
2018-12-27,728.76,,,,,False,historical_csv
2018-12-28,728.77,,,,,False,historical_csv
2018-12-31,728.77,,,,,False,historical_csv
2019-01-01,728.77,,,,,False,historical_csv
2019-01-02,728.77,,,,,False,historical_csv
2019-01-03,728.77,,,,,False,historical_csv
2019-01-04,728.77,,,,,False,historical_csv
2019-01-07,728.76,,,,,False,historical_csv
2019-01-08,728.77,,,,,False,historical_csv
2019-01-09,728.75,,,,,False,historical_csv
2019-01-10,728.04,,,,,False,historical_csv
2019-01-11,728.77,,,,,False,historical_csv
2019-01-14,728.77,,,,,False,historical_csv
2019-01-15,728.77,,,,,False,historical_csv
2019-01-16,728.77,,,,,False,historical_csv
2019-01-17,728.34,,,,,False,historical_csv
2019-01-18,728.34,,,,,False,historical_csv
2019-01-21,728.34,,,,,False,historical_csv
2019-01-22,728.34,,,,,False,historical_csv
2019-01-23,728.555,,,,,False,historical_csv
2019-01-24,729.115,,,,,False,historical_csv
2019-01-25,728.64,,,,,False,historical_csv
2019-01-28,728.64,,,,,False,historical_csv
2019-01-29,728.69,,,,,False,historical_csv
2019-01-30,728.69,,,,,False,historical_csv
2019-01-31,729.145,,,,,False,historical_csv
2019-02-01,728.69,,,,,False,historical_csv
2019-02-04,729.99,,,,,False,historical_csv
2019-02-05,728.79,,,,,False,historical_csv
2019-02-06,729.47,,,,,False,historical_csv
2019-02-07,728.79,,,,,False,historical_csv
2019-02-08,728.0,,,,,False,historical_csv
2019-02-11,728.81,,,,,False,historical_csv
2019-02-12,728.81,,,,,False,historical_csv
2019-02-13,729.355,,,,,False,historical_csv
2019-02-14,728.83,,,,,False,historical_csv
2019-02-15,728.83,,,,,False,historical_csv
2019-02-18,728.83,,,,,False,historical_csv
2019-02-19,728.83,,,,,False,historical_csv
2019-02-20,728.83,,,,,False,historical_csv
2019-02-21,728.83,,,,,False,historical_csv
2019-02-22,728.84,,,,,False,historical_csv
2019-02-25,728.89,,,,,False,historical_csv
2019-02-26,729.0,,,,,False,historical_csv
2019-02-27,729.0,,,,,False,historical_csv
2019-02-28,728.89,,,,,False,historical_csv
2019-03-01,728.0,,,,,False,historical_csv
2019-03-04,728.89,,,,,False,historical_csv
2019-03-05,728.89,,,,,False,historical_csv
2019-03-06,729.515,,,,,False,historical_csv
2019-03-07,728.89,,,,,False,historical_csv
2019-03-08,728.89,,,,,False,historical_csv
2019-03-11,728.89,,,,,False,historical_csv
2019-03-12,729.2,,,,,False,historical_csv
2019-03-13,729.51,,,,,False,historical_csv
2019-03-14,728.89,,,,,False,historical_csv
2019-03-15,728.89,,,,,False,historical_csv
2019-03-18,728.96,,,,,False,historical_csv
2019-03-19,728.96,,,,,False,historical_csv
2019-03-20,729.315,,,,,False,historical_csv
2019-03-21,729.3,,,,,False,historical_csv
2019-03-22,729.58,,,,,False,historical_csv
2019-03-25,729.74,,,,,False,historical_csv
2019-03-26,730.12,,,,,False,historical_csv
2019-03-27,730.49,,,,,False,historical_csv
2019-03-28,730.49,,,,,False,historical_csv
2019-03-29,730.54,,,,,False,historical_csv
2019-04-01,730.49,,,,,False,historical_csv
2019-04-02,730.65,,,,,False,historical_csv
2019-04-03,730.75,,,,,False,historical_csv
2019-04-04,730.97,,,,,False,historical_csv
2019-04-05,731.865,,,,,False,historical_csv
2019-04-08,732.0,,,,,False,historical_csv
2019-04-09,730.78,,,,,False,historical_csv
2019-04-10,732.64,,,,,False,historical_csv
2019-04-11,732.26,,,,,False,historical_csv
2019-04-12,732.87,,,,,False,historical_csv
2019-04-15,732.99,,,,,False,historical_csv
2019-04-16,732.77,,,,,False,historical_csv
2019-04-17,733.47,,,,,False,historical_csv
2019-04-18,733.55,,,,,False,historical_csv
2019-04-19,733.58,,,,,False,historical_csv
2019-04-22,732.265,,,,,False,historical_csv
2019-04-23,734.36,,,,,False,historical_csv
2019-04-24,734.55,,,,,False,historical_csv
2019-04-25,734.75,,,,,False,historical_csv
2019-04-26,734.97,,,,,False,historical_csv
2019-04-29,735.02,,,,,False,historical_csv
2019-04-30,735.61,,,,,False,historical_csv
2019-05-01,731.02,,,,,False,historical_csv
2019-05-02,731.02,,,,,False,historical_csv
2019-05-03,731.34,,,,,False,historical_csv
2019-05-06,731.34,,,,,False,historical_csv
2019-05-07,731.64,,,,,False,historical_csv
2019-05-08,731.64,,,,,False,historical_csv
2019-05-09,731.53,,,,,False,historical_csv
2019-05-10,731.86,,,,,False,historical_csv
2019-05-13,732.55,,,,,False,historical_csv
2019-05-14,733.145,,,,,False,historical_csv
2019-05-15,733.05,,,,,False,historical_csv
2019-05-16,734.6,,,,,False,historical_csv
2019-05-17,735.14,,,,,False,historical_csv
2019-05-20,737.41,,,,,False,historical_csv
2019-05-21,737.89,,,,,False,historical_csv
2019-05-22,738.32,,,,,False,historical_csv
2019-05-23,738.49,,,,,False,historical_csv
2019-05-24,738.49,,,,,False,historical_csv
2019-05-27,740.13,,,,,False,historical_csv
2019-05-28,740.75,,,,,False,historical_csv
2019-05-29,741.11,,,,,False,historical_csv
2019-05-30,743.29,,,,,False,historical_csv
2019-05-31,744.8,,,,,False,historical_csv
2019-06-03,746.16,,,,,False,historical_csv
2019-06-04,748.13,,,,,False,historical_csv
2019-06-05,746.81,,,,,False,historical_csv
2019-06-06,749.37,,,,,False,historical_csv
2019-06-07,750.29,,,,,False,historical_csv
2019-06-10,750.12,,,,,False,historical_csv
2019-06-11,754.145,,,,,False,historical_csv
2019-06-12,761.05,,,,,False,historical_csv
2019-06-13,760.05,,,,,False,historical_csv
2019-06-14,761.27,,,,,False,historical_csv
2019-06-17,763.39,,,,,False,historical_csv
2019-06-18,764.2,,,,,False,historical_csv
2019-06-19,766.43,,,,,False,historical_csv
2019-06-20,766.82,,,,,False,historical_csv
2019-06-21,772.82,,,,,False,historical_csv
2019-06-24,771.75,,,,,False,historical_csv
2019-06-25,771.95,,,,,False,historical_csv
2019-06-26,770.95,,,,,False,historical_csv
2019-06-27,769.85,,,,,False,historical_csv
2019-06-28,767.1,,,,,False,historical_csv
2019-07-01,769.355,,,,,False,historical_csv
2019-07-02,769.91,,,,,False,historical_csv
2019-07-03,770.55,,,,,False,historical_csv
2019-07-04,770.59,,,,,False,historical_csv
2019-07-05,783.0,,,,,False,historical_csv
2019-07-08,783.0,,,,,False,historical_csv
2019-07-09,781.75,,,,,False,historical_csv
2019-07-10,770.5,,,,,False,historical_csv
2019-07-11,770.39,,,,,False,historical_csv
2019-07-12,768.93,,,,,False,historical_csv
2019-07-15,767.65,,,,,False,historical_csv
2019-07-16,767.23,,,,,False,historical_csv
2019-07-17,765.995,,,,,False,historical_csv
2019-07-18,764.71,,,,,False,historical_csv
2019-07-19,760.5,,,,,False,historical_csv
2019-07-22,757.78,,,,,False,historical_csv
2019-07-23,753.01,,,,,False,historical_csv
2019-07-24,752.16,,,,,False,historical_csv
2019-07-25,755.5,,,,,False,historical_csv
2019-07-26,748.36,,,,,False,historical_csv
2019-07-29,743.0,,,,,False,historical_csv
2019-07-30,741.02,,,,,False,historical_csv
2019-07-31,739.4,,,,,False,historical_csv
2019-08-01,735.84,,,,,False,historical_csv
2019-08-02,735.49,,,,,False,historical_csv
2019-08-05,733.315,,,,,False,historical_csv
2019-08-06,733.02,,,,,False,historical_csv
2019-08-07,732.69,,,,,False,historical_csv
2019-08-08,731.35,,,,,False,historical_csv
2019-08-09,730.7,,,,,False,historical_csv
2019-08-12,728.71,,,,,False,historical_csv
2019-08-13,728.72,,,,,False,historical_csv
2019-08-14,728.5,,,,,False,historical_csv
2019-08-15,727.62,,,,,False,historical_csv
2019-08-16,727.21,,,,,False,historical_csv
2019-08-19,727.05,,,,,False,historical_csv
2019-08-20,727.21,,,,,False,historical_csv
2019-08-21,726.77,,,,,False,historical_csv
2019-08-22,726.65,,,,,False,historical_csv
2019-08-23,726.64,,,,,False,historical_csv
2019-08-26,726.65,,,,,False,historical_csv
2019-08-27,726.62,,,,,False,historical_csv
2019-08-28,726.63,,,,,False,historical_csv
2019-08-29,730.0,,,,,False,historical_csv
2019-08-30,726.66,,,,,False,historical_csv
2019-09-02,726.66,,,,,False,historical_csv
2019-09-03,726.65,,,,,False,historical_csv
2019-09-04,726.65,,,,,False,historical_csv
2019-09-05,727.0,,,,,False,historical_csv
2019-09-06,727.0,,,,,False,historical_csv
2019-09-09,727.0,,,,,False,historical_csv
2019-09-10,726.99,,,,,False,historical_csv
2019-09-11,726.885,,,,,False,historical_csv
2019-09-12,727.73,,,,,False,historical_csv
2019-09-13,727.73,,,,,False,historical_csv
2019-09-16,733.35,,,,,False,historical_csv
2019-09-17,733.33,,,,,False,historical_csv
2019-09-18,733.33,,,,,False,historical_csv
2019-09-19,733.33,,,,,False,historical_csv
2019-09-20,730.68,,,,,False,historical_csv
2019-09-23,733.33,,,,,False,historical_csv
2019-09-24,733.33,,,,,False,historical_csv
2019-09-25,733.18,,,,,False,historical_csv
2019-09-26,732.93,,,,,False,historical_csv
2019-09-27,732.58,,,,,False,historical_csv
2019-09-30,732.5,,,,,False,historical_csv
2019-10-01,730.0,,,,,False,historical_csv
2019-10-02,731.175,,,,,False,historical_csv
2019-10-03,732.19,,,,,False,historical_csv
2019-10-04,732.19,,,,,False,historical_csv
2019-10-07,730.73,,,,,False,historical_csv
2019-10-08,732.18,,,,,False,historical_csv
2019-10-09,730.0,,,,,False,historical_csv
2019-10-10,732.18,,,,,False,historical_csv
2019-10-11,732.18,,,,,False,historical_csv
2019-10-14,732.18,,,,,False,historical_csv
2019-10-15,732.18,,,,,False,historical_csv
2019-10-16,730.0,,,,,False,historical_csv
2019-10-17,732.685,,,,,False,historical_csv
2019-10-18,732.25,,,,,False,historical_csv
2019-10-21,732.25,,,,,False,historical_csv
2019-10-22,732.36,,,,,False,historical_csv
2019-10-23,731.345,,,,,False,historical_csv
2019-10-24,732.24,,,,,False,historical_csv
2019-10-25,732.36,,,,,False,historical_csv
2019-10-28,732.36,,,,,False,historical_csv
2019-10-29,732.47,,,,,False,historical_csv
2019-10-30,732.47,,,,,False,historical_csv
2019-10-31,732.47,,,,,False,historical_csv
2019-11-01,732.47,,,,,False,historical_csv
2019-11-04,732.47,,,,,False,historical_csv
2019-11-05,732.47,,,,,False,historical_csv
2019-11-06,732.47,,,,,False,historical_csv
2019-11-07,732.46,,,,,False,historical_csv
2019-11-08,732.47,,,,,False,historical_csv
2019-11-11,733.45,,,,,False,historical_csv
2019-11-12,732.47,,,,,False,historical_csv
2019-11-13,732.71,,,,,False,historical_csv
2019-11-14,732.85,,,,,False,historical_csv
2019-11-15,732.9,,,,,False,historical_csv
2019-11-18,733.06,,,,,False,historical_csv
2019-11-19,733.3,,,,,False,historical_csv
2019-11-20,733.68,,,,,False,historical_csv
2019-11-21,733.93,,,,,False,historical_csv
2019-11-22,734.15,,,,,False,historical_csv
2019-11-25,734.67,,,,,False,historical_csv
2019-11-26,733.06,,,,,False,historical_csv
2019-11-27,733.96,,,,,False,historical_csv
2019-11-28,733.96,,,,,False,historical_csv
2019-11-29,733.96,,,,,False,historical_csv
2019-12-02,733.015,,,,,False,historical_csv
2019-12-03,733.96,,,,,False,historical_csv
2019-12-04,733.96,,,,,False,historical_csv
2019-12-05,733.96,,,,,False,historical_csv
2019-12-06,733.96,,,,,False,historical_csv
2019-12-09,733.96,,,,,False,historical_csv
2019-12-10,732.94,,,,,False,historical_csv
2019-12-11,733.96,,,,,False,historical_csv
2019-12-12,733.96,,,,,False,historical_csv
2019-12-13,734.11,,,,,False,historical_csv
2019-12-16,734.11,,,,,False,historical_csv
2019-12-17,734.11,,,,,False,historical_csv
2019-12-18,734.11,,,,,False,historical_csv
2019-12-19,734.11,,,,,False,historical_csv
2019-12-20,734.11,,,,,False,historical_csv
2019-12-23,738.98,,,,,False,historical_csv
2019-12-24,734.11,,,,,False,historical_csv
2019-12-25,734.11,,,,,False,historical_csv
2019-12-26,733.165,,,,,False,historical_csv
2019-12-27,734.11,,,,,False,historical_csv
2019-12-30,734.11,,,,,False,historical_csv
2019-12-31,734.11,,,,,False,historical_csv
2020-01-01,734.11,,,,,False,historical_csv
2020-01-02,734.11,,,,,False,historical_csv
2020-01-03,734.11,,,,,False,historical_csv
2020-01-06,734.11,,,,,False,historical_csv
2020-01-07,734.11,,,,,False,historical_csv
2020-01-08,734.11,,,,,False,historical_csv
2020-01-09,737.5,,,,,False,historical_csv
2020-01-10,734.11,,,,,False,historical_csv
2020-01-13,734.11,,,,,False,historical_csv
2020-01-14,734.11,,,,,False,historical_csv
2020-01-15,733.09,,,,,False,historical_csv
2020-01-16,734.11,,,,,False,historical_csv
2020-01-17,734.11,,,,,False,historical_csv
2020-01-20,734.1,,,,,False,historical_csv
2020-01-21,734.1,,,,,False,historical_csv
2020-01-22,734.23,,,,,False,historical_csv
2020-01-23,734.23,,,,,False,historical_csv
2020-01-24,734.23,,,,,False,historical_csv
2020-01-27,734.23,,,,,False,historical_csv
2020-01-28,734.23,,,,,False,historical_csv
2020-01-29,737.5,,,,,False,historical_csv
2020-01-30,734.23,,,,,False,historical_csv
2020-01-31,734.23,,,,,False,historical_csv
2020-02-03,734.23,,,,,False,historical_csv
2020-02-04,734.23,,,,,False,historical_csv
2020-02-05,734.23,,,,,False,historical_csv
2020-02-06,734.23,,,,,False,historical_csv
2020-02-07,734.23,,,,,False,historical_csv
2020-02-10,734.23,,,,,False,historical_csv
2020-02-11,734.23,,,,,False,historical_csv
2020-02-12,734.23,,,,,False,historical_csv
2020-02-13,734.23,,,,,False,historical_csv
2020-02-14,734.23,,,,,False,historical_csv
2020-02-17,734.23,,,,,False,historical_csv
2020-02-18,740.0,,,,,False,historical_csv
2020-02-19,733.335,,,,,False,historical_csv
2020-02-20,734.28,,,,,False,historical_csv
2020-02-21,734.29,,,,,False,historical_csv
2020-02-24,734.29,,,,,False,historical_csv
2020-02-25,733.345,,,,,False,historical_csv
2020-02-26,734.29,,,,,False,historical_csv
2020-02-27,734.29,,,,,False,historical_csv
2020-02-28,737.5,,,,,False,historical_csv
2020-03-02,733.27,,,,,False,historical_csv
2020-03-03,735.785,,,,,False,historical_csv
2020-03-04,734.29,,,,,False,historical_csv
2020-03-05,734.29,,,,,False,historical_csv
2020-03-06,734.29,,,,,False,historical_csv
2020-03-09,734.29,,,,,False,historical_csv
2020-03-10,734.29,,,,,False,historical_csv
2020-03-11,734.29,,,,,False,historical_csv
2020-03-12,733.27,,,,,False,historical_csv
2020-03-13,737.5,,,,,False,historical_csv
2020-03-16,734.29,,,,,False,historical_csv
2020-03-17,734.29,,,,,False,historical_csv
2020-03-18,741.2,,,,,False,historical_csv
2020-03-19,734.29,,,,,False,historical_csv
2020-03-20,734.29,,,,,False,historical_csv
2020-03-23,734.29,,,,,False,historical_csv
2020-03-24,733.27,,,,,False,historical_csv
2020-03-25,734.29,,,,,False,historical_csv
2020-03-26,731.915,,,,,False,historical_csv
2020-03-27,734.29,,,,,False,historical_csv
2020-03-30,734.29,,,,,False,historical_csv
2020-03-31,734.29,,,,,False,historical_csv
2020-04-01,734.15,,,,,False,historical_csv
2020-04-02,734.15,,,,,False,historical_csv
2020-04-03,734.15,,,,,False,historical_csv
2020-04-06,733.28,,,,,False,historical_csv
2020-04-07,733.205,,,,,False,historical_csv
2020-04-08,734.15,,,,,False,historical_csv
2020-04-09,734.15,,,,,False,historical_csv
2020-04-10,734.15,,,,,False,historical_csv
2020-04-13,734.15,,,,,False,historical_csv
2020-04-14,734.15,,,,,False,historical_csv
2020-04-15,734.15,,,,,False,historical_csv
2020-04-16,733.565,,,,,False,historical_csv
2020-04-17,734.14,,,,,False,historical_csv
2020-04-20,734.15,,,,,False,historical_csv
2020-04-21,734.15,,,,,False,historical_csv
2020-04-22,734.15,,,,,False,historical_csv
2020-04-23,738.92,,,,,False,historical_csv
2020-04-24,733.57,,,,,False,historical_csv
2020-04-27,733.57,,,,,False,historical_csv
2020-04-28,734.15,,,,,False,historical_csv
2020-04-29,733.57,,,,,False,historical_csv
2020-04-30,734.15,,,,,False,historical_csv
2020-05-01,734.15,,,,,False,historical_csv
2020-05-04,733.72,,,,,False,historical_csv
2020-05-05,734.27,,,,,False,historical_csv
2020-05-06,733.915,,,,,False,historical_csv
2020-05-07,734.27,,,,,False,historical_csv
2020-05-08,734.27,,,,,False,historical_csv
2020-05-11,734.27,,,,,False,historical_csv
2020-05-12,733.615,,,,,False,historical_csv
2020-05-13,733.915,,,,,False,historical_csv
2020-05-14,734.27,,,,,False,historical_csv
2020-05-15,733.69,,,,,False,historical_csv
2020-05-18,737.5,,,,,False,historical_csv
2020-05-19,734.27,,,,,False,historical_csv
2020-05-20,734.27,,,,,False,historical_csv
2020-05-21,734.27,,,,,False,historical_csv
2020-05-22,734.27,,,,,False,historical_csv
2020-05-25,734.27,,,,,False,historical_csv
2020-05-26,734.27,,,,,False,historical_csv
2020-05-27,734.27,,,,,False,historical_csv
2020-05-28,733.615,,,,,False,historical_csv
2020-05-29,734.16,,,,,False,historical_csv
2020-06-01,734.235,,,,,False,historical_csv
2020-06-02,734.74,,,,,False,historical_csv
2020-06-03,734.74,,,,,False,historical_csv
2020-06-04,734.235,,,,,False,historical_csv
2020-06-05,734.235,,,,,False,historical_csv
2020-06-08,734.74,,,,,False,historical_csv
2020-06-09,734.085,,,,,False,historical_csv
2020-06-10,734.74,,,,,False,historical_csv
2020-06-11,734.74,,,,,False,historical_csv
2020-06-12,734.77,,,,,False,historical_csv
2020-06-15,734.115,,,,,False,historical_csv
2020-06-16,734.77,,,,,False,historical_csv
2020-06-17,734.34,,,,,False,historical_csv
2020-06-18,734.265,,,,,False,historical_csv
2020-06-19,740.0,,,,,False,historical_csv
2020-06-22,734.77,,,,,False,historical_csv
2020-06-23,734.89,,,,,False,historical_csv
2020-06-24,734.89,,,,,False,historical_csv
2020-06-25,734.89,,,,,False,historical_csv
2020-06-26,734.89,,,,,False,historical_csv
2020-06-29,734.235,,,,,False,historical_csv
2020-06-30,734.235,,,,,False,historical_csv
2020-07-01,734.89,,,,,False,historical_csv
2020-07-02,734.89,,,,,False,historical_csv
2020-07-03,734.89,,,,,False,historical_csv
2020-07-06,734.89,,,,,False,historical_csv
2020-07-07,734.89,,,,,False,historical_csv
2020-07-08,734.385,,,,,False,historical_csv
2020-07-09,734.235,,,,,False,historical_csv
2020-07-10,734.89,,,,,False,historical_csv
2020-07-13,734.89,,,,,False,historical_csv
2020-07-14,734.89,,,,,False,historical_csv
2020-07-15,734.235,,,,,False,historical_csv
2020-07-16,734.89,,,,,False,historical_csv
2020-07-17,735.11,,,,,False,historical_csv
2020-07-20,735.22,,,,,False,historical_csv
2020-07-21,735.79,,,,,False,historical_csv
2020-07-22,736.22,,,,,False,historical_csv
2020-07-23,736.6,,,,,False,historical_csv
2020-07-24,738.23,,,,,False,historical_csv
2020-07-27,739.06,,,,,False,historical_csv
2020-07-28,739.99,,,,,False,historical_csv
2020-07-29,739.98,,,,,False,historical_csv
2020-07-30,739.98,,,,,False,historical_csv
2020-07-31,740.0,,,,,False,historical_csv
2020-08-03,740.0,,,,,False,historical_csv
2020-08-04,740.0,,,,,False,historical_csv
2020-08-05,740.0,,,,,False,historical_csv
2020-08-06,740.03,,,,,False,historical_csv
2020-08-07,740.02,,,,,False,historical_csv
2020-08-10,739.435,,,,,False,historical_csv
2020-08-11,739.36,,,,,False,historical_csv
2020-08-12,740.02,,,,,False,historical_csv
2020-08-13,740.72,,,,,False,historical_csv
2020-08-14,742.64,,,,,False,historical_csv
2020-08-17,745.21,,,,,False,historical_csv
2020-08-18,745.93,,,,,False,historical_csv
2020-08-19,746.36,,,,,False,historical_csv
2020-08-20,745.765,,,,,False,historical_csv
2020-08-21,746.37,,,,,False,historical_csv
2020-08-24,748.4,,,,,False,historical_csv
2020-08-25,745.52,,,,,False,historical_csv
2020-08-26,746.11,,,,,False,historical_csv
2020-08-27,746.11,,,,,False,historical_csv
2020-08-28,746.11,,,,,False,historical_csv
2020-08-31,746.11,,,,,False,historical_csv
2020-09-01,745.52,,,,,False,historical_csv
2020-09-02,746.11,,,,,False,historical_csv
2020-09-03,746.11,,,,,False,historical_csv
2020-09-04,746.35,,,,,False,historical_csv
2020-09-07,746.35,,,,,False,historical_csv
2020-09-08,747.15,,,,,False,historical_csv
2020-09-09,746.785,,,,,False,historical_csv
2020-09-10,747.45,,,,,False,historical_csv
2020-09-11,747.45,,,,,False,historical_csv
2020-09-14,747.82,,,,,False,historical_csv
2020-09-15,748.38,,,,,False,historical_csv
2020-09-16,748.26,,,,,False,historical_csv
2020-09-17,748.93,,,,,False,historical_csv
2020-09-18,748.93,,,,,False,historical_csv
2020-09-21,748.93,,,,,False,historical_csv
2020-09-22,748.93,,,,,False,historical_csv
2020-09-23,749.83,,,,,False,historical_csv
2020-09-24,748.93,,,,,False,historical_csv
2020-09-25,750.555,,,,,False,historical_csv
2020-09-28,748.93,,,,,False,historical_csv
2020-09-29,750.055,,,,,False,historical_csv
2020-09-30,753.93,,,,,False,historical_csv
2020-10-01,753.93,,,,,False,historical_csv
2020-10-02,753.93,,,,,False,historical_csv
2020-10-05,753.93,,,,,False,historical_csv
2020-10-06,753.93,,,,,False,historical_csv
2020-10-07,750.0,,,,,False,historical_csv
2020-10-08,753.93,,,,,False,historical_csv
2020-10-09,754.92,,,,,False,historical_csv
2020-10-12,755.65,,,,,False,historical_csv
2020-10-13,755.9,,,,,False,historical_csv
2020-10-14,755.9,,,,,False,historical_csv
2020-10-15,755.0,,,,,False,historical_csv
2020-10-16,755.9,,,,,False,historical_csv
2020-10-19,755.9,,,,,False,historical_csv
2020-10-20,755.9,,,,,False,historical_csv
2020-10-21,755.18,,,,,False,historical_csv
2020-10-22,755.28,,,,,False,historical_csv
2020-10-23,755.9,,,,,False,historical_csv
2020-10-26,757.12,,,,,False,historical_csv
2020-10-27,755.0,,,,,False,historical_csv
2020-10-28,757.85,,,,,False,historical_csv
2020-10-29,757.85,,,,,False,historical_csv
2020-10-30,757.85,,,,,False,historical_csv
2020-11-02,757.85,,,,,False,historical_csv
2020-11-03,757.85,,,,,False,historical_csv
2020-11-04,757.85,,,,,False,historical_csv
2020-11-05,757.85,,,,,False,historical_csv
2020-11-06,757.85,,,,,False,historical_csv
2020-11-09,763.16,,,,,False,historical_csv
2020-11-10,760.79,,,,,False,historical_csv
2020-11-11,761.29,,,,,False,historical_csv
2020-11-12,760.8,,,,,False,historical_csv
2020-11-13,760.79,,,,,False,historical_csv
2020-11-16,760.79,,,,,False,historical_csv
2020-11-17,760.79,,,,,False,historical_csv
2020-11-18,760.79,,,,,False,historical_csv
2020-11-19,760.79,,,,,False,historical_csv
2020-11-20,760.79,,,,,False,historical_csv
2020-11-23,760.79,,,,,False,historical_csv
2020-11-24,760.79,,,,,False,historical_csv
2020-11-25,760.79,,,,,False,historical_csv
2020-11-26,760.79,,,,,False,historical_csv
2020-11-27,760.79,,,,,False,historical_csv
2020-11-30,763.0,,,,,False,historical_csv
2020-12-01,763.74,,,,,False,historical_csv
2020-12-02,763.74,,,,,False,historical_csv
2020-12-03,770.33,,,,,False,historical_csv
2020-12-04,763.74,,,,,False,historical_csv
2020-12-07,763.74,,,,,False,historical_csv
2020-12-08,763.74,,,,,False,historical_csv
2020-12-09,763.74,,,,,False,historical_csv
2020-12-10,764.1,,,,,False,historical_csv
2020-12-11,764.1,,,,,False,historical_csv
2020-12-14,765.58,,,,,False,historical_csv
2020-12-15,766.32,,,,,False,historical_csv
2020-12-16,766.69,,,,,False,historical_csv
2020-12-17,767.5,,,,,False,historical_csv
2020-12-18,766.69,,,,,False,historical_csv
2020-12-21,766.69,,,,,False,historical_csv
2020-12-22,766.69,,,,,False,historical_csv
2020-12-23,766.69,,,,,False,historical_csv
2020-12-24,770.77,,,,,False,historical_csv
2020-12-25,768.9,,,,,False,historical_csv
2020-12-28,772.46,,,,,False,historical_csv
2020-12-29,769.28,,,,,False,historical_csv
2020-12-30,772.35,,,,,False,historical_csv
2020-12-31,773.21,,,,,False,historical_csv
2021-01-01,773.21,,,,,False,historical_csv
2021-01-04,773.57,,,,,False,historical_csv
2021-01-05,773.57,,,,,False,historical_csv
2021-01-06,771.205,,,,,False,historical_csv
2021-01-07,773.57,,,,,False,historical_csv
2021-01-08,773.57,,,,,False,historical_csv
2021-01-11,774.155,,,,,False,historical_csv
2021-01-12,773.57,,,,,False,historical_csv
2021-01-13,773.57,,,,,False,historical_csv
2021-01-14,773.57,,,,,False,historical_csv
2021-01-15,773.57,,,,,False,historical_csv
2021-01-18,773.57,,,,,False,historical_csv
2021-01-19,772.5,,,,,False,historical_csv
2021-01-20,773.57,,,,,False,historical_csv
2021-01-21,773.57,,,,,False,historical_csv
2021-01-22,773.57,,,,,False,historical_csv
2021-01-25,773.57,,,,,False,historical_csv
2021-01-26,773.0,,,,,False,historical_csv
2021-01-27,773.57,,,,,False,historical_csv
2021-01-28,773.57,,,,,False,historical_csv
2021-01-29,775.0,,,,,False,historical_csv
2021-02-01,773.57,,,,,False,historical_csv
2021-02-02,773.57,,,,,False,historical_csv
2021-02-03,773.57,,,,,False,historical_csv
2021-02-04,773.57,,,,,False,historical_csv
2021-02-05,776.14,,,,,False,historical_csv
2021-02-08,776.51,,,,,False,historical_csv
2021-02-09,776.5,,,,,False,historical_csv
2021-02-10,776.51,,,,,False,historical_csv
2021-02-11,776.51,,,,,False,historical_csv
2021-02-12,776.5,,,,,False,historical_csv
2021-02-15,775.7,,,,,False,historical_csv
2021-02-16,776.51,,,,,False,historical_csv
2021-02-17,779.1,,,,,False,historical_csv
2021-02-18,779.6,,,,,False,historical_csv
2021-02-19,779.6,,,,,False,historical_csv
2021-02-22,779.58,,,,,False,historical_csv
2021-02-23,785.0,,,,,False,historical_csv
2021-02-24,787.5,,,,,False,historical_csv
2021-02-25,782.41,,,,,False,historical_csv
2021-02-26,782.41,,,,,False,historical_csv
2021-03-01,782.41,,,,,False,historical_csv
2021-03-02,782.41,,,,,False,historical_csv
2021-03-03,782.41,,,,,False,historical_csv
2021-03-04,782.5,,,,,False,historical_csv
2021-03-05,782.41,,,,,False,historical_csv
2021-03-08,782.41,,,,,False,historical_csv
2021-03-09,783.33,,,,,False,historical_csv
2021-03-10,780.0,,,,,False,historical_csv
2021-03-11,784.37,,,,,False,historical_csv
2021-03-12,783.23,,,,,False,historical_csv
2021-03-15,784.37,,,,,False,historical_csv
2021-03-16,780.0,,,,,False,historical_csv
2021-03-17,780.0,,,,,False,historical_csv
2021-03-18,784.37,,,,,False,historical_csv
2021-03-19,784.37,,,,,False,historical_csv
2021-03-22,784.37,,,,,False,historical_csv
2021-03-23,784.055,,,,,False,historical_csv
2021-03-24,784.37,,,,,False,historical_csv
2021-03-25,786.615,,,,,False,historical_csv
2021-03-26,785.35,,,,,False,historical_csv
2021-03-29,786.34,,,,,False,historical_csv
2021-03-30,786.34,,,,,False,historical_csv
2021-03-31,786.34,,,,,False,historical_csv
2021-04-01,786.34,,,,,False,historical_csv
2021-04-02,786.34,,,,,False,historical_csv
2021-04-05,786.34,,,,,False,historical_csv
2021-04-06,786.34,,,,,False,historical_csv
2021-04-07,786.34,,,,,False,historical_csv
2021-04-08,786.34,,,,,False,historical_csv
2021-04-09,786.34,,,,,False,historical_csv
2021-04-12,785.0,,,,,False,historical_csv
2021-04-13,786.34,,,,,False,historical_csv
2021-04-14,786.34,,,,,False,historical_csv
2021-04-15,786.34,,,,,False,historical_csv
2021-04-16,789.49,,,,,False,historical_csv
2021-04-19,791.34,,,,,False,historical_csv
2021-04-20,791.34,,,,,False,historical_csv
2021-04-21,790.64,,,,,False,historical_csv
2021-04-22,791.34,,,,,False,historical_csv
2021-04-23,791.7,,,,,False,historical_csv
2021-04-26,792.08,,,,,False,historical_csv
2021-04-27,794.32,,,,,False,historical_csv
2021-04-28,794.32,,,,,False,historical_csv
2021-04-29,794.32,,,,,False,historical_csv
2021-04-30,794.32,,,,,False,historical_csv
2021-05-03,794.32,,,,,False,historical_csv
2021-05-04,794.32,,,,,False,historical_csv
2021-05-05,795.06,,,,,False,historical_csv
2021-05-06,794.32,,,,,False,historical_csv
2021-05-07,795.31,,,,,False,historical_csv
2021-05-10,798.26,,,,,False,historical_csv
2021-05-11,798.26,,,,,False,historical_csv
2021-05-12,798.26,,,,,False,historical_csv
2021-05-13,798.26,,,,,False,historical_csv
2021-05-14,798.26,,,,,False,historical_csv
2021-05-17,797.63,,,,,False,historical_csv
2021-05-18,797.55,,,,,False,historical_csv
2021-05-19,798.26,,,,,False,historical_csv
2021-05-20,798.26,,,,,False,historical_csv
2021-05-21,796.995,,,,,False,historical_csv
2021-05-24,798.26,,,,,False,historical_csv
2021-05-25,798.26,,,,,False,historical_csv
2021-05-26,798.26,,,,,False,historical_csv
2021-05-27,798.26,,,,,False,historical_csv
2021-05-28,798.26,,,,,False,historical_csv
2021-05-31,798.26,,,,,False,historical_csv
2021-06-01,798.26,,,,,False,historical_csv
2021-06-02,798.26,,,,,False,historical_csv
2021-06-03,798.26,,,,,False,historical_csv
2021-06-04,798.26,,,,,False,historical_csv
2021-06-07,798.26,,,,,False,historical_csv
2021-06-08,798.26,,,,,False,historical_csv
2021-06-09,798.87,,,,,False,historical_csv
2021-06-10,803.12,,,,,False,historical_csv
2021-06-11,803.12,,,,,False,historical_csv
2021-06-14,803.74,,,,,False,historical_csv
2021-06-15,803.025,,,,,False,historical_csv
2021-06-16,798.09,,,,,False,historical_csv
2021-06-17,803.74,,,,,False,historical_csv
2021-06-18,803.74,,,,,False,historical_csv
2021-06-21,807.21,,,,,False,historical_csv
2021-06-22,807.7,,,,,False,historical_csv
2021-06-23,807.7,,,,,False,historical_csv
2021-06-24,807.7,,,,,False,historical_csv
2021-06-25,806.98,,,,,False,historical_csv
2021-06-28,801.5,,,,,False,historical_csv
2021-06-29,807.7,,,,,False,historical_csv
2021-06-30,807.7,,,,,False,historical_csv
2021-07-01,797.5,,,,,False,historical_csv
2021-07-02,807.71,,,,,False,historical_csv
2021-07-05,808.61,,,,,False,historical_csv
2021-07-06,808.61,,,,,False,historical_csv
2021-07-07,808.61,,,,,False,historical_csv
2021-07-08,809.1,,,,,False,historical_csv
2021-07-09,809.1,,,,,False,historical_csv
2021-07-12,809.1,,,,,False,historical_csv
2021-07-13,809.1,,,,,False,historical_csv
2021-07-14,809.1,,,,,False,historical_csv
2021-07-15,809.1,,,,,False,historical_csv
2021-07-16,809.1,,,,,False,historical_csv
2021-07-19,809.1,,,,,False,historical_csv
2021-07-20,809.1,,,,,False,historical_csv
2021-07-21,809.1,,,,,False,historical_csv
2021-07-22,809.1,,,,,False,historical_csv
2021-07-23,809.1,,,,,False,historical_csv
2021-07-26,809.1,,,,,False,historical_csv
2021-07-27,809.47,,,,,False,historical_csv
2021-07-28,805.0,,,,,False,historical_csv
2021-07-29,812.05,,,,,False,historical_csv
2021-07-30,812.05,,,,,False,historical_csv
2021-08-02,812.05,,,,,False,historical_csv
2021-08-03,812.3,,,,,False,historical_csv
2021-08-04,812.3,,,,,False,historical_csv
2021-08-05,811.58,,,,,False,historical_csv
2021-08-06,812.3,,,,,False,historical_csv
2021-08-09,812.3,,,,,False,historical_csv
2021-08-10,812.3,,,,,False,historical_csv
2021-08-11,812.4,,,,,False,historical_csv
2021-08-12,812.3,,,,,False,historical_csv
2021-08-13,812.3,,,,,False,historical_csv
2021-08-16,812.3,,,,,False,historical_csv
2021-08-17,812.19,,,,,False,historical_csv
2021-08-18,812.3,,,,,False,historical_csv
2021-08-19,812.73,,,,,False,historical_csv
2021-08-20,812.3,,,,,False,historical_csv
2021-08-23,812.73,,,,,False,historical_csv
2021-08-24,811.575,,,,,False,historical_csv
2021-08-25,812.3,,,,,False,historical_csv
2021-08-26,812.3,,,,,False,historical_csv
2021-08-27,812.3,,,,,False,historical_csv
2021-08-30,812.3,,,,,False,historical_csv
2021-08-31,812.3,,,,,False,historical_csv
2021-09-01,812.3,,,,,False,historical_csv
2021-09-02,812.3,,,,,False,historical_csv
2021-09-03,812.3,,,,,False,historical_csv
2021-09-06,812.3,,,,,False,historical_csv
2021-09-07,811.575,,,,,False,historical_csv
2021-09-08,811.785,,,,,False,historical_csv
2021-09-09,812.8,,,,,False,historical_csv
2021-09-10,812.965,,,,,False,historical_csv
2021-09-13,812.3,,,,,False,historical_csv
2021-09-14,812.3,,,,,False,historical_csv
2021-09-15,811.575,,,,,False,historical_csv
2021-09-16,813.16,,,,,False,historical_csv
2021-09-17,812.72,,,,,False,historical_csv
2021-09-20,812.38,,,,,False,historical_csv
2021-09-21,813.28,,,,,False,historical_csv
2021-09-22,815.25,,,,,False,historical_csv
2021-09-23,815.26,,,,,False,historical_csv
2021-09-24,815.26,,,,,False,historical_csv
2021-09-27,815.26,,,,,False,historical_csv
2021-09-28,815.26,,,,,False,historical_csv
2021-09-29,814.535,,,,,False,historical_csv
2021-09-30,815.26,,,,,False,historical_csv
2021-10-01,815.26,,,,,False,historical_csv
2021-10-04,815.26,,,,,False,historical_csv
2021-10-05,815.26,,,,,False,historical_csv
2021-10-06,815.25,,,,,False,historical_csv
2021-10-07,814.535,,,,,False,historical_csv
2021-10-08,815.26,,,,,False,historical_csv
2021-10-11,815.26,,,,,False,historical_csv
2021-10-12,815.26,,,,,False,historical_csv
2021-10-13,815.26,,,,,False,historical_csv
2021-10-14,817.11,,,,,False,historical_csv
2021-10-15,814.895,,,,,False,historical_csv
2021-10-18,815.215,,,,,False,historical_csv
2021-10-19,815.26,,,,,False,historical_csv
2021-10-20,815.26,,,,,False,historical_csv
2021-10-21,814.895,,,,,False,historical_csv
2021-10-22,814.53,,,,,False,historical_csv
2021-10-25,816.94,,,,,False,historical_csv
2021-10-26,815.25,,,,,False,historical_csv
2021-10-27,815.26,,,,,False,historical_csv
2021-10-28,815.1,,,,,False,historical_csv
2021-10-29,815.1,,,,,False,historical_csv
2021-11-01,814.775,,,,,False,historical_csv
2021-11-02,814.735,,,,,False,historical_csv
2021-11-03,815.1,,,,,False,historical_csv
2021-11-04,815.1,,,,,False,historical_csv
2021-11-05,815.1,,,,,False,historical_csv
2021-11-08,815.26,,,,,False,historical_csv
2021-11-09,816.27,,,,,False,historical_csv
2021-11-10,815.26,,,,,False,historical_csv
2021-11-11,816.35,,,,,False,historical_csv
2021-11-12,816.88,,,,,False,historical_csv
2021-11-15,815.25,,,,,False,historical_csv
2021-11-16,815.93,,,,,False,historical_csv
2021-11-17,815.65,,,,,False,historical_csv
2021-11-18,815.535,,,,,False,historical_csv
2021-11-19,816.07,,,,,False,historical_csv
2021-11-22,816.07,,,,,False,historical_csv
2021-11-23,814.44,,,,,False,historical_csv
2021-11-24,817.535,,,,,False,historical_csv
2021-11-25,816.07,,,,,False,historical_csv
2021-11-26,816.275,,,,,False,historical_csv
2021-11-29,817.295,,,,,False,historical_csv
2021-11-30,815.84,,,,,False,historical_csv
2021-12-01,818.23,,,,,False,historical_csv
2021-12-02,816.575,,,,,False,historical_csv
2021-12-03,816.705,,,,,False,historical_csv
2021-12-06,812.4,,,,,False,historical_csv
2021-12-07,811.73,,,,,False,historical_csv
2021-12-08,815.265,,,,,False,historical_csv
2021-12-09,811.73,,,,,False,historical_csv
2021-12-10,818.19,,,,,False,historical_csv
2021-12-13,818.285,,,,,False,historical_csv
2021-12-14,816.07,,,,,False,historical_csv
2021-12-15,816.07,,,,,False,historical_csv
2021-12-16,817.245,,,,,False,historical_csv
2021-12-17,816.285,,,,,False,historical_csv
2021-12-20,816.65,,,,,False,historical_csv
2021-12-21,813.385,,,,,False,historical_csv
2021-12-22,811.5,,,,,False,historical_csv
2021-12-23,815.2,,,,,False,historical_csv
2021-12-24,811.05,,,,,False,historical_csv
2021-12-27,813.7,,,,,False,historical_csv
2021-12-28,812.0,,,,,False,historical_csv
2021-12-29,814.65,,,,,False,historical_csv
2021-12-30,814.55,,,,,False,historical_csv
2021-12-31,814.55,,,,,False,historical_csv
2022-01-03,814.55,,,,,False,historical_csv
2022-01-04,814.5,,,,,False,historical_csv
2022-01-05,815.15,,,,,False,historical_csv
2022-01-06,815.8,,,,,False,historical_csv
2022-01-07,816.85,,,,,False,historical_csv
2022-01-10,818.15,,,,,False,historical_csv
2022-01-11,816.8,,,,,False,historical_csv
2022-01-12,816.65,,,,,False,historical_csv
2022-01-13,817.5,,,,,False,historical_csv
2022-01-14,818.45,,,,,False,historical_csv
2022-01-17,818.45,,,,,False,historical_csv
2022-01-18,818.25,,,,,False,historical_csv
2022-01-19,815.685,,,,,False,historical_csv
2022-01-20,816.0,,,,,False,historical_csv
2022-01-21,816.0,,,,,False,historical_csv
2022-01-24,816.65,,,,,False,historical_csv
2022-01-25,816.7,,,,,False,historical_csv
2022-01-26,815.8,,,,,False,historical_csv
2022-01-27,815.8,,,,,False,historical_csv
2022-01-28,816.65,,,,,False,historical_csv
2022-01-31,816.45,,,,,False,historical_csv
2022-02-01,816.15,,,,,False,historical_csv
2022-02-02,816.15,,,,,False,historical_csv
2022-02-03,815.58,,,,,False,historical_csv
2022-02-04,803.0,,,,,False,historical_csv
2022-02-07,805.93,,,,,False,historical_csv
2022-02-08,808.75,,,,,False,historical_csv
2022-02-09,808.75,,,,,False,historical_csv
2022-02-10,801.45,,,,,False,historical_csv
2022-02-11,801.25,,,,,False,historical_csv
2022-02-14,803.3,,,,,False,historical_csv
2022-02-15,803.3,,,,,False,historical_csv
2022-02-16,803.3,,,,,False,historical_csv
2022-02-17,803.3,,,,,False,historical_csv
2022-02-18,803.8,,,,,False,historical_csv
2022-02-21,803.8,,,,,False,historical_csv
2022-02-22,805.88,,,,,False,historical_csv
2022-02-23,803.7,,,,,False,historical_csv
2022-02-24,803.65,,,,,False,historical_csv
2022-02-25,803.65,,,,,False,historical_csv
2022-02-28,809.73,,,,,False,historical_csv
2022-03-01,814.37,,,,,False,historical_csv
2022-03-02,803.65,,,,,False,historical_csv
2022-03-03,803.65,,,,,False,historical_csv
2022-03-04,804.25,,,,,False,historical_csv
2022-03-07,804.25,,,,,False,historical_csv
2022-03-08,804.25,,,,,False,historical_csv
2022-03-09,804.5,,,,,False,historical_csv
2022-03-10,805.75,,,,,False,historical_csv
2022-03-11,808.18,,,,,False,historical_csv
2022-03-14,806.8,,,,,False,historical_csv
2022-03-15,806.5,,,,,False,historical_csv
2022-03-16,805.83,,,,,False,historical_csv
2022-03-17,815.8,,,,,False,historical_csv
2022-03-18,816.65,,,,,False,historical_csv
2022-03-21,816.55,,,,,False,historical_csv
2022-03-22,816.65,,,,,False,historical_csv
2022-03-23,816.65,,,,,False,historical_csv
2022-03-24,816.65,,,,,False,historical_csv
2022-03-25,817.65,,,,,False,historical_csv
2022-03-28,812.0,,,,,False,historical_csv
2022-03-29,816.63,,,,,False,historical_csv
2022-03-30,816.65,,,,,False,historical_csv
2022-03-31,816.65,,,,,False,historical_csv
2022-04-01,816.63,,,,,False,historical_csv
2022-04-04,810.77,,,,,False,historical_csv
2022-04-05,811.95,,,,,False,historical_csv
2022-04-06,813.95,,,,,False,historical_csv
2022-04-07,809.0,,,,,False,historical_csv
2022-04-08,809.95,,,,,False,historical_csv
2022-04-11,809.9,,,,,False,historical_csv
2022-04-12,809.85,,,,,False,historical_csv
2022-04-13,809.85,,,,,False,historical_csv
2022-04-14,813.18,,,,,False,historical_csv
2022-04-15,811.35,,,,,False,historical_csv
2022-04-18,811.3,,,,,False,historical_csv
2022-04-19,811.0,,,,,False,historical_csv
2022-04-20,813.05,,,,,False,historical_csv
2022-04-21,816.27,,,,,False,historical_csv
2022-04-22,815.935,,,,,False,historical_csv
2022-04-25,811.45,,,,,False,historical_csv
2022-04-26,811.65,,,,,False,historical_csv
2022-04-27,812.05,,,,,False,historical_csv
2022-04-28,812.15,,,,,False,historical_csv
2022-04-29,812.2,,,,,False,historical_csv
2022-05-02,813.0,,,,,False,historical_csv
2022-05-03,813.48,,,,,False,historical_csv
2022-05-04,814.45,,,,,False,historical_csv
2022-05-05,812.25,,,,,False,historical_csv
2022-05-06,813.42,,,,,False,historical_csv
2022-05-09,816.3,,,,,False,historical_csv
2022-05-10,816.27,,,,,False,historical_csv
2022-05-11,816.4,,,,,False,historical_csv
2022-05-12,815.95,,,,,False,historical_csv
2022-05-13,816.05,,,,,False,historical_csv
2022-05-16,816.0,,,,,False,historical_csv
2022-05-17,816.2,,,,,False,historical_csv
2022-05-18,816.25,,,,,False,historical_csv
2022-05-19,816.6,,,,,False,historical_csv
2022-05-20,817.55,,,,,False,historical_csv
2022-05-23,817.785,,,,,False,historical_csv
2022-05-24,816.74,,,,,False,historical_csv
2022-05-25,815.55,,,,,False,historical_csv
2022-05-26,816.4,,,,,False,historical_csv
2022-05-27,1016.6,,,,,False,historical_csv
2022-05-30,1016.6,,,,,False,historical_csv
2022-05-31,1016.6,,,,,False,historical_csv
2022-06-01,1016.6,,,,,False,historical_csv
2022-06-02,1016.6,,,,,False,historical_csv
2022-06-03,1016.6,,,,,False,historical_csv
2022-06-06,1014.15,,,,,False,historical_csv
2022-06-07,1014.23,,,,,False,historical_csv
2022-06-08,1014.31,,,,,False,historical_csv
2022-06-09,1015.96,,,,,False,historical_csv
2022-06-10,1019.45,,,,,False,historical_csv
2022-06-13,1019.45,,,,,False,historical_csv
2022-06-14,1019.48,,,,,False,historical_csv
2022-06-15,1019.48,,,,,False,historical_csv
2022-06-16,1019.15,,,,,False,historical_csv
2022-06-17,1019.45,,,,,False,historical_csv
2022-06-20,1019.45,,,,,False,historical_csv
2022-06-21,1019.48,,,,,False,historical_csv
2022-06-22,1019.48,,,,,False,historical_csv
2022-06-23,1019.49,,,,,False,historical_csv
2022-06-24,1019.49,,,,,False,historical_csv
2022-06-27,1019.49,,,,,False,historical_csv
2022-06-28,1019.49,,,,,False,historical_csv
2022-06-29,1019.48,,,,,False,historical_csv
2022-06-30,1024.15,,,,,False,historical_csv
2022-07-01,1024.15,,,,,False,historical_csv
2022-07-04,1024.15,,,,,False,historical_csv
2022-07-05,1023.0,,,,,False,historical_csv
2022-07-06,1022.9,,,,,False,historical_csv
2022-07-07,1024.15,,,,,False,historical_csv
2022-07-08,1021.3,,,,,False,historical_csv
2022-07-11,1019.6,,,,,False,historical_csv
2022-07-12,1019.6,,,,,False,historical_csv
2022-07-13,1021.2,,,,,False,historical_csv
2022-07-14,1024.15,,,,,False,historical_csv
2022-07-15,1024.05,,,,,False,historical_csv
2022-07-18,1033.19,,,,,False,historical_csv
2022-07-19,1024.15,,,,,False,historical_csv
2022-07-20,1019.6,,,,,False,historical_csv
2022-07-21,1019.58,,,,,False,historical_csv
2022-07-22,1024.05,,,,,False,historical_csv
2022-07-25,1024.0,,,,,False,historical_csv
2022-07-26,1024.655,,,,,False,historical_csv
2022-07-27,1019.3,,,,,False,historical_csv
2022-07-28,1023.85,,,,,False,historical_csv
2022-07-29,1019.6,,,,,False,historical_csv
2022-08-01,1021.7,,,,,False,historical_csv
2022-08-02,1019.6,,,,,False,historical_csv
2022-08-03,1026.0,,,,,False,historical_csv
2022-08-04,1025.72,,,,,False,historical_csv
2022-08-05,1024.72,,,,,False,historical_csv
2022-08-08,1017.5,,,,,False,historical_csv
2022-08-09,1016.48,,,,,False,historical_csv
2022-08-10,1023.5,,,,,False,historical_csv
2022-08-11,1023.5,,,,,False,historical_csv
2022-08-12,1019.6,,,,,False,historical_csv
2022-08-15,1024.05,,,,,False,historical_csv
2022-08-16,1023.0,,,,,False,historical_csv
2022-08-17,1021.38,,,,,False,historical_csv
2022-08-18,1023.25,,,,,False,historical_csv
2022-08-19,1021.05,,,,,False,historical_csv
2022-08-22,1021.0,,,,,False,historical_csv
2022-08-23,1022.0,,,,,False,historical_csv
2022-08-24,1018.2,,,,,False,historical_csv
2022-08-25,1026.17,,,,,False,historical_csv
2022-08-26,1017.9,,,,,False,historical_csv
2022-08-29,1024.1,,,,,False,historical_csv
2022-08-30,1018.5,,,,,False,historical_csv
2022-08-31,1025.17,,,,,False,historical_csv
2022-09-01,1023.5,,,,,False,historical_csv
2022-09-02,1023.5,,,,,False,historical_csv
2022-09-05,1026.24,,,,,False,historical_csv
2022-09-06,1023.0,,,,,False,historical_csv
2022-09-07,1024.0,,,,,False,historical_csv
2022-09-08,1025.17,,,,,False,historical_csv
2022-09-09,1021.2,,,,,False,historical_csv
2022-09-12,1024.05,,,,,False,historical_csv
2022-09-13,1021.5,,,,,False,historical_csv
2022-09-14,1024.17,,,,,False,historical_csv
2022-09-15,1021.5,,,,,False,historical_csv
2022-09-16,1020.05,,,,,False,historical_csv
2022-09-19,1024.05,,,,,False,historical_csv
2022-09-20,1023.77,,,,,False,historical_csv
2022-09-21,1022.17,,,,,False,historical_csv
2022-09-22,1019.61,,,,,False,historical_csv
2022-09-23,1019.6,,,,,False,historical_csv
2022-09-26,1024.0,,,,,False,historical_csv
2022-09-27,1024.05,,,,,False,historical_csv
2022-09-28,1025.5,,,,,False,historical_csv
2022-09-29,1024.47,,,,,False,historical_csv
2022-09-30,1023.77,,,,,False,historical_csv
2022-10-03,1022.95,,,,,False,historical_csv
2022-10-04,1018.65,,,,,False,historical_csv
2022-10-05,1024.05,,,,,False,historical_csv
2022-10-06,1017.65,,,,,False,historical_csv
2022-10-07,1025.17,,,,,False,historical_csv
2022-10-10,1018.4,,,,,False,historical_csv
2022-10-11,1022.45,,,,,False,historical_csv
2022-10-12,1021.5,,,,,False,historical_csv
2022-10-13,1023.5,,,,,False,historical_csv
2022-10-14,1022.45,,,,,False,historical_csv
2022-10-17,1022.48,,,,,False,historical_csv
2022-10-18,1022.5,,,,,False,historical_csv
2022-10-19,1022.5,,,,,False,historical_csv
2022-10-20,1023.0,,,,,False,historical_csv
2022-10-21,1023.0,,,,,False,historical_csv
2022-10-24,1023.05,,,,,False,historical_csv
2022-10-25,1024.1,,,,,False,historical_csv
2022-10-26,1026.45,,,,,False,historical_csv
2022-10-27,1024.1,,,,,False,historical_csv
2022-10-28,1020.5,,,,,False,historical_csv
2022-10-31,1021.12,,,,,False,historical_csv
2022-11-01,1021.1,,,,,False,historical_csv
2022-11-02,1025.5,,,,,False,historical_csv
2022-11-03,1018.05,,,,,False,historical_csv
2022-11-04,1024.05,,,,,False,historical_csv
2022-11-07,1026.45,,,,,False,historical_csv
2022-11-08,1024.05,,,,,False,historical_csv
2022-11-09,1024.47,,,,,False,historical_csv
2022-11-10,1028.21,,,,,False,historical_csv
2022-11-11,1024.25,,,,,False,historical_csv
2022-11-14,1022.75,,,,,False,historical_csv
2022-11-15,1025.1,,,,,False,historical_csv
2022-11-16,1026.0,,,,,False,historical_csv
2022-11-17,1024.1,,,,,False,historical_csv
2022-11-18,1025.45,,,,,False,historical_csv
2022-11-21,1023.25,,,,,False,historical_csv
2022-11-22,1024.95,,,,,False,historical_csv
2022-11-23,1023.6,,,,,False,historical_csv
2022-11-24,1023.6,,,,,False,historical_csv
2022-11-25,1026.1,,,,,False,historical_csv
2022-11-28,1026.45,,,,,False,historical_csv
2022-11-29,1024.05,,,,,False,historical_csv
2022-11-30,1024.05,,,,,False,historical_csv
2022-12-01,1029.04,,,,,False,historical_csv
2022-12-02,1028.67,,,,,False,historical_csv
2022-12-05,1026.45,,,,,False,historical_csv
2022-12-06,1021.15,,,,,False,historical_csv
2022-12-07,1025.2,,,,,False,historical_csv
2022-12-08,1025.16,,,,,False,historical_csv
2022-12-09,1021.38,,,,,False,historical_csv
2022-12-12,1027.45,,,,,False,historical_csv
2022-12-13,1024.1,,,,,False,historical_csv
2022-12-14,1027.0,,,,,False,historical_csv
2022-12-15,1027.0,,,,,False,historical_csv
2022-12-16,1021.3,,,,,False,historical_csv
2022-12-19,1023.75,,,,,False,historical_csv
2022-12-20,1025.95,,,,,False,historical_csv
2022-12-21,1018.5,,,,,False,historical_csv
2022-12-22,1025.62,,,,,False,historical_csv
2022-12-23,1024.1,,,,,False,historical_csv
2022-12-26,1016.5,,,,,False,historical_csv
2022-12-27,1016.5,,,,,False,historical_csv
2022-12-28,1023.5,,,,,False,historical_csv
2022-12-29,1022.0,,,,,False,historical_csv
2022-12-30,1023.5,,,,,False,historical_csv
2023-01-02,1023.5,,,,,False,historical_csv
2023-01-03,1024.1,,,,,False,historical_csv
2023-01-04,1025.95,,,,,False,historical_csv
2023-01-05,1024.1,,,,,False,historical_csv
2023-01-06,1024.1,,,,,False,historical_csv
2023-01-09,1024.12,,,,,False,historical_csv
2023-01-10,1024.05,,,,,False,historical_csv
2023-01-11,1024.5,,,,,False,historical_csv
2023-01-12,1020.25,,,,,False,historical_csv
2023-01-13,1020.94,,,,,False,historical_csv
2023-01-16,1014.1,,,,,False,historical_csv
2023-01-17,1014.0,,,,,False,historical_csv
2023-01-18,1014.02,,,,,False,historical_csv
2023-01-19,1018.8,,,,,False,historical_csv
2023-01-20,1018.8,,,,,False,historical_csv
2023-01-23,1017.75,,,,,False,historical_csv
2023-01-24,1024.1,,,,,False,historical_csv
2023-01-25,1024.1,,,,,False,historical_csv
2023-01-26,1024.12,,,,,False,historical_csv
2023-01-27,1019.6,,,,,False,historical_csv
2023-01-30,1019.6,,,,,False,historical_csv
2023-01-31,1023.8,,,,,False,historical_csv
2023-02-01,1019.6,,,,,False,historical_csv
2023-02-02,1019.61,,,,,False,historical_csv
2023-02-03,1025.85,,,,,False,historical_csv
2023-02-06,1024.75,,,,,False,historical_csv
2023-02-07,1024.7,,,,,False,historical_csv
2023-02-08,1021.65,,,,,False,historical_csv
2023-02-09,1025.45,,,,,False,historical_csv
2023-02-10,1025.4,,,,,False,historical_csv
2023-02-13,1024.79,,,,,False,historical_csv
2023-02-14,1028.2,,,,,False,historical_csv
2023-02-15,1024.05,,,,,False,historical_csv
2023-02-16,1024.0,,,,,False,historical_csv
2023-02-17,1024.1,,,,,False,historical_csv
2023-02-20,1024.05,,,,,False,historical_csv
2023-02-21,1024.1,,,,,False,historical_csv
2023-02-22,1024.12,,,,,False,historical_csv
2023-02-23,1024.67,,,,,False,historical_csv
2023-02-24,1017.15,,,,,False,historical_csv
2023-02-27,1019.6,,,,,False,historical_csv
2023-02-28,1019.58,,,,,False,historical_csv
2023-03-01,1022.4,,,,,False,historical_csv
2023-03-02,1019.6,,,,,False,historical_csv
2023-03-03,1017.15,,,,,False,historical_csv
2023-03-06,1017.15,,,,,False,historical_csv
2023-03-07,1017.1,,,,,False,historical_csv
2023-03-08,1017.05,,,,,False,historical_csv
2023-03-09,1017.05,,,,,False,historical_csv
2023-03-10,1047.5,,,,,False,historical_csv
2023-03-13,1047.5,,,,,False,historical_csv
2023-03-14,1047.5,,,,,False,historical_csv
2023-03-15,1047.4,,,,,False,historical_csv
2023-03-16,1047.0,,,,,False,historical_csv
2023-03-17,1047.0,,,,,False,historical_csv
2023-03-20,1024.05,,,,,False,historical_csv
2023-03-21,1024.06,,,,,False,historical_csv
2023-03-22,1024.1,,,,,False,historical_csv
2023-03-23,1019.58,,,,,False,historical_csv
2023-03-24,1019.55,,,,,False,historical_csv
2023-03-27,1019.6,,,,,False,historical_csv
2023-03-28,1024.3,,,,,False,historical_csv
2023-03-29,1019.5,,,,,False,historical_csv
2023-03-30,1024.05,,,,,False,historical_csv
2023-03-31,1022.5,,,,,False,historical_csv
2023-04-03,1022.25,,,,,False,historical_csv
2023-04-04,1023.45,,,,,False,historical_csv
2023-04-05,1023.45,,,,,False,historical_csv
2023-04-06,1022.0,,,,,False,historical_csv
2023-04-07,1022.0,,,,,False,historical_csv
2023-04-10,1020.67,,,,,False,historical_csv
2023-04-11,1018.47,,,,,False,historical_csv
2023-04-12,1017.8,,,,,False,historical_csv
2023-04-13,1021.65,,,,,False,historical_csv
2023-04-14,1026.435,,,,,False,historical_csv
2023-04-17,1024.72,,,,,False,historical_csv
2023-04-18,1019.5,,,,,False,historical_csv
2023-04-19,1022.0,,,,,False,historical_csv
2023-04-20,1024.05,,,,,False,historical_csv
2023-04-21,1026.435,,,,,False,historical_csv
2023-04-24,1026.435,,,,,False,historical_csv
2023-04-25,1026.435,,,,,False,historical_csv
2023-04-26,1026.435,,,,,False,historical_csv
2023-04-27,1026.95,,,,,False,historical_csv
2023-04-28,1026.435,,,,,False,historical_csv
2023-05-01,1026.435,,,,,False,historical_csv
2023-05-02,1026.435,,,,,False,historical_csv
2023-05-03,1026.435,,,,,False,historical_csv
2023-05-04,1026.435,,,,,False,historical_csv
2023-05-05,1022.0,,,,,False,historical_csv
2023-05-08,1026.7,,,,,False,historical_csv
2023-05-09,1027.5,,,,,False,historical_csv
2023-05-10,1025.95,,,,,False,historical_csv
2023-05-11,1028.5,,,,,False,historical_csv
2023-05-12,1029.17,,,,,False,historical_csv
2023-05-15,1021.65,,,,,False,historical_csv
2023-05-16,1023.1,,,,,False,historical_csv
2023-05-17,1026.7,,,,,False,historical_csv
2023-05-18,1026.45,,,,,False,historical_csv
2023-05-19,1021.05,,,,,False,historical_csv
2023-05-22,1024.1,,,,,False,historical_csv
2023-05-23,1023.95,,,,,False,historical_csv
2023-05-24,1022.75,,,,,False,historical_csv
2023-05-25,1023.0,,,,,False,historical_csv
2023-05-26,1023.45,,,,,False,historical_csv
2023-05-29,1026.435,,,,,False,historical_csv
2023-05-30,1025.55,,,,,False,historical_csv
2023-05-31,1023.05,,,,,False,historical_csv
2023-06-01,1022.5,,,,,False,historical_csv
2023-06-02,1021.0,,,,,False,historical_csv
2023-06-05,1020.5,,,,,False,historical_csv
2023-06-06,1017.1,,,,,False,historical_csv
2023-06-07,1024.1,,,,,False,historical_csv
2023-06-08,1024.12,,,,,False,historical_csv
2023-06-09,1024.77,,,,,False,historical_csv
2023-06-12,1017.2,,,,,False,historical_csv
2023-06-13,1026.435,,,,,False,historical_csv
2023-06-14,1024.0,,,,,False,historical_csv
2023-06-15,1024.02,,,,,False,historical_csv
2023-06-16,1023.35,,,,,False,historical_csv
2023-06-19,1024.05,,,,,False,historical_csv
2023-06-20,1024.5,,,,,False,historical_csv
2023-06-21,1017.65,,,,,False,historical_csv
2023-06-22,1017.62,,,,,False,historical_csv
2023-06-23,1017.6,,,,,False,historical_csv
2023-06-26,1017.6,,,,,False,historical_csv
2023-06-27,1017.6,,,,,False,historical_csv
2023-06-28,1054.0,,,,,False,historical_csv
2023-06-29,1054.0,,,,,False,historical_csv
2023-06-30,1050.5,,,,,False,historical_csv
2023-07-03,1052.17,,,,,False,historical_csv
2023-07-04,1051.17,,,,,False,historical_csv
2023-07-05,1049.45,,,,,False,historical_csv
2023-07-06,1053.44,,,,,False,historical_csv
2023-07-07,1050.0,,,,,False,historical_csv
2023-07-10,1051.0,,,,,False,historical_csv
2023-07-11,1048.4,,,,,False,historical_csv
2023-07-12,1044.5,,,,,False,historical_csv
2023-07-13,1045.55,,,,,False,historical_csv
2023-07-14,1045.9,,,,,False,historical_csv
2023-07-17,1045.8,,,,,False,historical_csv
2023-07-18,1049.69,,,,,False,historical_csv
2023-07-19,1048.43,,,,,False,historical_csv
2023-07-20,1050.5,,,,,False,historical_csv
2023-07-21,1050.5,,,,,False,historical_csv
2023-07-24,1050.52,,,,,False,historical_csv
2023-07-25,1050.5,,,,,False,historical_csv
2023-07-26,1050.92,,,,,False,historical_csv
2023-07-27,1051.17,,,,,False,historical_csv
2023-07-28,1047.94,,,,,False,historical_csv
2023-07-31,1051.17,,,,,False,historical_csv
2023-08-01,1050.51,,,,,False,historical_csv
2023-08-02,1050.51,,,,,False,historical_csv
2023-08-03,1050.51,,,,,False,historical_csv
2023-08-04,1050.51,,,,,False,historical_csv
2023-08-07,1081.35,,,,,False,historical_csv
2023-08-08,1081.37,,,,,False,historical_csv
2023-08-09,1081.37,,,,,False,historical_csv
2023-08-10,1081.35,,,,,False,historical_csv
2023-08-11,1074.5,,,,,False,historical_csv
2023-08-14,1077.75,,,,,False,historical_csv
2023-08-15,1081.35,,,,,False,historical_csv
2023-08-16,1081.38,,,,,False,historical_csv
2023-08-17,1077.75,,,,,False,historical_csv
2023-08-18,1081.35,,,,,False,historical_csv
2023-08-21,1079.69,,,,,False,historical_csv
2023-08-22,1082.4,,,,,False,historical_csv
2023-08-23,1077.75,,,,,False,historical_csv
2023-08-24,1077.0,,,,,False,historical_csv
2023-08-25,1075.5,,,,,False,historical_csv
2023-08-28,1075.25,,,,,False,historical_csv
2023-08-29,1068.46,,,,,False,historical_csv
2023-08-30,1064.03,,,,,False,historical_csv
2023-08-31,1068.98,,,,,False,historical_csv
2023-09-01,1066.61,,,,,False,historical_csv
2023-09-04,1066.58,,,,,False,historical_csv
2023-09-05,1048.89,,,,,False,historical_csv
2023-09-06,1048.89,,,,,False,historical_csv
2023-09-07,1081.38,,,,,False,historical_csv
2023-09-08,1089.8,,,,,False,historical_csv
2023-09-11,1099.15,,,,,False,historical_csv
2023-09-12,1099.01,,,,,False,historical_csv
2023-09-13,1089.88,,,,,False,historical_csv
2023-09-14,1080.88,,,,,False,historical_csv
2023-09-15,1099.98,,,,,False,historical_csv
2023-09-18,1100.36,,,,,False,historical_csv
2023-09-19,1099.87,,,,,False,historical_csv
2023-09-20,1098.91,,,,,False,historical_csv
2023-09-21,1083.24,,,,,False,historical_csv
2023-09-22,1083.24,,,,,False,historical_csv
2023-09-25,1083.24,,,,,False,historical_csv
2023-09-26,1090.06,,,,,False,historical_csv
2023-09-27,1081.06,,,,,False,historical_csv
2023-09-28,1081.06,,,,,False,historical_csv
2023-09-29,1081.06,,,,,False,historical_csv
2023-10-02,1081.06,,,,,False,historical_csv
2023-10-03,1156.23,,,,,False,historical_csv
2023-10-04,1152.56,,,,,False,historical_csv
2023-10-05,1153.7,,,,,False,historical_csv
2023-10-06,1159.93,,,,,False,historical_csv
2023-10-09,1151.89,,,,,False,historical_csv
2023-10-10,1150.49,,,,,False,historical_csv
2023-10-11,1149.27,,,,,False,historical_csv
2023-10-12,1152.52,,,,,False,historical_csv
2023-10-13,1153.3,,,,,False,historical_csv
2023-10-16,1152.59,,,,,False,historical_csv
2023-10-17,1151.45,,,,,False,historical_csv
2023-10-18,1152.35,,,,,False,historical_csv
2023-10-19,1154.26,,,,,False,historical_csv
2023-10-20,1148.86,,,,,False,historical_csv
2023-10-23,1142.09,,,,,False,historical_csv
2023-10-24,1135.42,,,,,False,historical_csv
2023-10-25,1135.42,,,,,False,historical_csv
2023-10-26,1142.31,,,,,False,historical_csv
2023-10-27,1142.29,,,,,False,historical_csv
2023-10-30,1142.29,,,,,False,historical_csv
2023-10-31,1137.81,,,,,False,historical_csv
2023-11-01,1125.91,,,,,False,historical_csv
2023-11-02,1125.91,,,,,False,historical_csv
2023-11-03,1123.76,,,,,False,historical_csv
2023-11-06,1113.89,,,,,False,historical_csv
2023-11-07,1112.43,,,,,False,historical_csv
2023-11-08,1112.99,,,,,False,historical_csv
2023-11-09,1683.38,,,,,False,historical_csv
2023-11-10,1686.42,,,,,False,historical_csv
2023-11-13,1683.35,,,,,False,historical_csv
2023-11-14,1683.5,,,,,False,historical_csv
2023-11-15,1683.38,,,,,False,historical_csv
2023-11-16,1683.32,,,,,False,historical_csv
2023-11-17,1683.37,,,,,False,historical_csv
2023-11-20,1683.38,,,,,False,historical_csv
2023-11-21,1683.38,,,,,False,historical_csv
2023-11-22,1683.38,,,,,False,historical_csv
2023-11-23,1684.04,,,,,False,historical_csv
2023-11-24,1683.38,,,,,False,historical_csv
2023-11-27,1683.38,,,,,False,historical_csv
2023-11-28,1683.38,,,,,False,historical_csv
2023-11-29,1683.38,,,,,False,historical_csv
2023-11-30,1683.39,,,,,False,historical_csv
2023-12-01,1683.38,,,,,False,historical_csv
2023-12-04,1683.38,,,,,False,historical_csv
2023-12-05,1683.38,,,,,False,historical_csv
2023-12-06,1683.38,,,,,False,historical_csv
2023-12-07,1684.0,,,,,False,historical_csv
2023-12-08,1683.41,,,,,False,historical_csv
2023-12-11,1683.38,,,,,False,historical_csv
2023-12-12,1683.38,,,,,False,historical_csv
2023-12-13,1683.38,,,,,False,historical_csv
2023-12-14,1683.38,,,,,False,historical_csv
2023-12-15,1683.38,,,,,False,historical_csv
2023-12-18,1683.39,,,,,False,historical_csv
2023-12-19,1683.39,,,,,False,historical_csv
2023-12-20,1682.5,,,,,False,historical_csv
2023-12-21,1683.39,,,,,False,historical_csv
2023-12-22,1683.39,,,,,False,historical_csv
2023-12-25,1683.39,,,,,False,historical_csv
2023-12-26,1682.0,,,,,False,historical_csv
2023-12-27,1683.38,,,,,False,historical_csv
2023-12-28,1683.38,,,,,False,historical_csv
2023-12-29,1683.39,,,,,False,historical_csv
2024-01-01,1683.39,,,,,False,historical_csv
2024-01-02,1683.39,,,,,False,historical_csv
2024-01-03,1683.39,,,,,False,historical_csv
2024-01-04,1683.39,,,,,False,historical_csv
2024-01-05,1683.39,,,,,False,historical_csv
2024-01-08,1682.0,,,,,False,historical_csv
2024-01-09,1683.39,,,,,False,historical_csv
2024-01-10,1683.39,,,,,False,historical_csv
2024-01-11,1683.39,,,,,False,historical_csv
2024-01-12,1683.39,,,,,False,historical_csv
2024-01-15,1683.38,,,,,False,historical_csv
2024-01-16,1683.39,,,,,False,historical_csv
2024-01-17,1682.0,,,,,False,historical_csv
2024-01-18,1683.39,,,,,False,historical_csv
2024-01-19,1683.39,,,,,False,historical_csv
2024-01-22,1683.39,,,,,False,historical_csv
2024-01-23,1683.39,,,,,False,historical_csv
2024-01-24,1683.39,,,,,False,historical_csv
2024-01-25,1683.38,,,,,False,historical_csv
2024-01-26,1683.38,,,,,False,historical_csv
2024-01-29,1683.0,,,,,False,historical_csv
2024-01-30,1683.0,,,,,False,historical_csv
2024-01-31,1683.38,,,,,False,historical_csv
2024-02-01,1683.38,,,,,False,historical_csv
2024-02-02,1683.38,,,,,False,historical_csv
2024-02-05,1683.38,,,,,False,historical_csv
2024-02-06,1683.38,,,,,False,historical_csv
2024-02-07,1683.38,,,,,False,historical_csv
2024-02-08,1683.38,,,,,False,historical_csv
2024-02-09,1683.38,,,,,False,historical_csv
2024-02-12,1682.0,,,,,False,historical_csv
2024-02-13,1683.38,,,,,False,historical_csv
2024-02-14,1683.38,,,,,False,historical_csv
2024-02-15,1683.38,,,,,False,historical_csv
2024-02-16,1683.38,,,,,False,historical_csv
2024-02-19,1683.38,,,,,False,historical_csv
2024-02-20,1683.38,,,,,False,historical_csv
2024-02-21,1682.0,,,,,False,historical_csv
2024-02-22,1683.38,,,,,False,historical_csv
2024-02-23,1683.38,,,,,False,historical_csv
2024-02-26,1683.38,,,,,False,historical_csv
2024-02-27,1683.38,,,,,False,historical_csv
2024-02-28,1683.38,,,,,False,historical_csv
2024-02-29,1683.38,,,,,False,historical_csv
2024-03-01,1682.0,,,,,False,historical_csv
2024-03-04,1683.38,,,,,False,historical_csv
2024-03-05,1683.365,,,,,False,historical_csv
2024-03-06,1683.0,,,,,False,historical_csv
2024-03-07,1683.365,,,,,False,historical_csv
2024-03-08,1683.365,,,,,False,historical_csv
2024-03-11,1683.0,,,,,False,historical_csv
2024-03-12,1682.0,,,,,False,historical_csv
2024-03-13,1683.365,,,,,False,historical_csv
2024-03-14,1683.38,,,,,False,historical_csv
2024-03-15,1683.38,,,,,False,historical_csv
2024-03-18,1683.38,,,,,False,historical_csv
2024-03-19,1683.38,,,,,False,historical_csv
2024-03-20,1683.38,,,,,False,historical_csv
2024-03-21,1733.35,,,,,False,historical_csv
2024-03-22,1733.35,,,,,False,historical_csv
2024-03-25,1733.38,,,,,False,historical_csv
2024-03-26,1733.38,,,,,False,historical_csv
2024-03-27,1733.38,,,,,False,historical_csv
2024-03-28,1733.38,,,,,False,historical_csv
2024-03-29,1733.38,,,,,False,historical_csv
2024-04-01,1733.38,,,,,False,historical_csv
2024-04-02,1733.38,,,,,False,historical_csv
2024-04-03,1733.38,,,,,False,historical_csv
2024-04-04,1733.38,,,,,False,historical_csv
2024-04-05,1733.38,,,,,False,historical_csv
2024-04-08,1733.38,,,,,False,historical_csv
2024-04-09,1733.38,,,,,False,historical_csv
2024-04-10,1733.38,,,,,False,historical_csv
2024-04-11,1733.38,,,,,False,historical_csv
2024-04-12,1733.38,,,,,False,historical_csv
2024-04-15,1733.38,,,,,False,historical_csv
2024-04-16,1733.38,,,,,False,historical_csv
2024-04-17,1733.38,,,,,False,historical_csv
2024-04-18,1733.38,,,,,False,historical_csv
2024-04-19,1733.38,,,,,False,historical_csv
2024-04-22,1733.38,,,,,False,historical_csv
2024-04-23,1733.38,,,,,False,historical_csv
2024-04-24,1733.38,,,,,False,historical_csv
2024-04-25,1733.38,,,,,False,historical_csv
2024-04-26,1733.38,,,,,False,historical_csv
2024-04-29,1733.38,,,,,False,historical_csv
2024-04-30,1733.38,,,,,False,historical_csv
2024-05-01,1733.38,,,,,False,historical_csv
2024-05-02,1733.38,,,,,False,historical_csv
2024-05-03,1733.38,,,,,False,historical_csv
2024-05-06,1733.38,,,,,False,historical_csv
2024-05-07,1733.38,,,,,False,historical_csv
2024-05-08,1733.38,,,,,False,historical_csv
2024-05-09,1733.38,,,,,False,historical_csv
2024-05-10,1733.38,,,,,False,historical_csv
2024-05-13,1733.38,,,,,False,historical_csv
2024-05-14,1733.38,,,,,False,historical_csv
2024-05-15,1733.38,,,,,False,historical_csv
2024-05-16,1733.38,,,,,False,historical_csv
2024-05-17,1733.38,,,,,False,historical_csv
2024-05-20,1733.38,,,,,False,historical_csv
2024-05-21,1733.38,,,,,False,historical_csv
2024-05-22,1733.0,,,,,False,historical_csv
2024-05-23,1733.38,,,,,False,historical_csv
2024-05-24,1733.38,,,,,False,historical_csv
2024-05-27,1733.38,,,,,False,historical_csv
2024-05-28,1733.38,,,,,False,historical_csv
2024-05-29,1733.38,,,,,False,historical_csv
2024-05-30,1732.88,,,,,False,historical_csv
2024-05-31,1732.88,,,,,False,historical_csv
2024-06-03,1733.38,,,,,False,historical_csv
2024-06-04,1733.38,,,,,False,historical_csv
2024-06-05,1733.38,,,,,False,historical_csv
2024-06-06,1733.38,,,,,False,historical_csv
2024-06-07,1733.38,,,,,False,historical_csv
2024-06-10,1733.38,,,,,False,historical_csv
2024-06-11,1733.38,,,,,False,historical_csv
2024-06-12,1733.38,,,,,False,historical_csv
2024-06-13,1733.38,,,,,False,historical_csv
2024-06-14,1733.38,,,,,False,historical_csv
2024-06-17,1733.38,,,,,False,historical_csv
2024-06-18,1733.38,,,,,False,historical_csv
2024-06-19,1733.38,,,,,False,historical_csv
2024-06-20,1733.38,,,,,False,historical_csv
2024-06-21,1733.38,,,,,False,historical_csv
2024-06-24,1733.38,,,,,False,historical_csv
2024-06-25,1733.38,,,,,False,historical_csv
2024-06-26,1733.38,,,,,False,historical_csv
2024-06-27,1733.38,,,,,False,historical_csv
2024-06-28,1733.38,,,,,False,historical_csv
2024-07-01,1733.38,,,,,False,historical_csv
2024-07-02,1733.38,,,,,False,historical_csv
2024-07-03,1733.0,,,,,False,historical_csv
2024-07-04,1733.38,,,,,False,historical_csv
2024-07-05,1733.38,,,,,False,historical_csv
2024-07-08,1733.38,,,,,False,historical_csv
2024-07-09,1733.38,,,,,False,historical_csv
2024-07-10,1733.38,,,,,False,historical_csv
2024-07-11,1733.67,,,,,False,historical_csv
2024-07-12,1733.67,,,,,False,historical_csv
2024-07-15,1733.67,,,,,False,historical_csv
2024-07-16,1733.67,,,,,False,historical_csv
2024-07-17,1733.67,,,,,False,historical_csv
2024-07-18,1733.67,,,,,False,historical_csv
2024-07-19,1733.67,,,,,False,historical_csv
2024-07-22,1733.67,,,,,False,historical_csv
2024-07-23,1733.67,,,,,False,historical_csv
2024-07-24,1733.67,,,,,False,historical_csv
2024-07-25,1733.67,,,,,False,historical_csv
2024-07-26,1733.67,,,,,False,historical_csv
2024-07-29,1733.67,,,,,False,historical_csv
2024-07-30,1733.67,,,,,False,historical_csv
2024-07-31,1733.67,,,,,False,historical_csv
2024-08-01,1733.67,,,,,False,historical_csv
2024-08-02,1733.67,,,,,False,historical_csv
2024-08-05,1733.67,,,,,False,historical_csv
2024-08-06,1733.67,,,,,False,historical_csv
2024-08-07,1733.67,,,,,False,historical_csv
2024-08-08,1733.67,,,,,False,historical_csv
2024-08-09,1733.67,,,,,False,historical_csv
2024-08-12,1733.67,,,,,False,historical_csv
2024-08-13,1733.67,,,,,False,historical_csv
2024-08-14,1733.67,,,,,False,historical_csv
2024-08-15,1733.67,,,,,False,historical_csv
2024-08-16,1733.67,,,,,False,historical_csv
2024-08-19,1733.67,,,,,False,historical_csv
2024-08-20,1733.67,,,,,False,historical_csv
2024-08-21,1733.67,,,,,False,historical_csv
2024-08-22,1733.67,,,,,False,historical_csv
2024-08-23,1733.67,,,,,False,historical_csv
2024-08-26,1733.67,,,,,False,historical_csv
2024-08-27,1733.67,,,,,False,historical_csv
2024-08-28,1733.67,,,,,False,historical_csv
2024-08-29,1733.67,,,,,False,historical_csv
2024-08-30,1733.67,,,,,False,historical_csv
2024-09-02,1733.67,,,,,False,historical_csv
2024-09-03,1733.67,,,,,False,historical_csv
2024-09-04,1733.67,,,,,False,historical_csv
2024-09-05,1733.67,,,,,False,historical_csv
2024-09-06,1733.67,,,,,False,historical_csv
2024-09-09,1733.67,,,,,False,historical_csv
2024-09-10,1733.67,,,,,False,historical_csv
2024-09-11,1733.67,,,,,False,historical_csv
2024-09-12,1733.67,,,,,False,historical_csv
2024-09-13,1733.67,,,,,False,historical_csv
2024-09-16,1733.67,,,,,False,historical_csv
2024-09-17,1733.67,,,,,False,historical_csv
2024-09-18,1733.67,,,,,False,historical_csv
2024-09-19,1733.67,,,,,False,historical_csv
2024-09-20,1733.67,,,,,False,historical_csv
2024-09-23,1733.67,,,,,False,historical_csv
2024-09-24,1733.67,,,,,False,historical_csv
2024-09-25,1733.67,,,,,False,historical_csv
2024-09-26,1733.67,,,,,False,historical_csv
2024-09-27,1733.67,,,,,False,historical_csv
2024-09-30,1733.67,,,,,False,historical_csv
2024-10-01,1733.0,1733.0,1734.73,1731.27,,False,research_based
2024-10-02,1732.54,1732.54,1734.27,1730.81,,False,research_based
2024-10-03,1732.54,1732.54,1734.27,1730.81,,False,research_based
2024-10-04,1732.54,1732.54,1734.27,1730.81,,False,research_based
2024-10-07,1732.54,1732.54,1734.27,1730.81,,False,research_based
2024-10-08,1732.21,1732.21,1733.94,1730.48,,False,research_based
2024-10-09,1732.21,1732.21,1733.94,1730.48,,False,research_based
2024-10-10,1732.21,1732.21,1733.94,1730.48,,False,research_based
2024-10-11,1732.21,1732.21,1733.94,1730.48,,False,research_based
2024-10-14,1732.21,1732.21,1733.94,1730.48,,False,research_based
2024-10-15,1732.45,1732.45,1734.18,1730.72,,False,research_based
2024-10-16,1732.45,1732.45,1734.18,1730.72,,False,research_based
2024-10-17,1732.45,1732.45,1734.18,1730.72,,False,research_based
2024-10-18,1732.45,1732.45,1734.18,1730.72,,False,research_based
2024-10-21,1732.45,1732.45,1734.18,1730.72,,False,research_based
2024-10-22,1732.45,1732.45,1734.18,1730.72,,False,research_based
2024-10-23,1732.45,1732.45,1734.18,1730.72,,False,research_based
2024-10-24,1732.45,1732.45,1734.18,1730.72,,False,research_based
2024-10-25,1732.0,1732.0,1733.73,1730.27,,False,research_based
2024-10-28,1732.0,1732.0,1733.73,1730.27,,False,research_based
2024-10-29,1732.45,1732.45,1734.18,1730.72,,False,research_based
2024-10-30,1732.45,1732.45,1734.18,1730.72,,False,research_based
2024-10-31,1732.19,1732.19,1733.92,1730.46,,False,research_based
2024-11-01,1733.0,1733.0,1734.73,1731.27,,False,research_based
2024-11-04,1733.0,1733.0,1734.73,1731.27,,False,research_based
2024-11-05,1733.0,1733.0,1734.73,1731.27,,False,research_based
2024-11-06,1733.0,1733.0,1734.73,1731.27,,False,research_based
2024-11-07,1733.0,1733.0,1734.73,1731.27,,False,research_based
2024-11-08,1733.0,1733.0,1734.73,1731.27,,False,research_based
2024-11-11,1733.0,1733.0,1734.73,1731.27,,False,research_based
2024-11-12,1733.0,1733.0,1734.73,1731.27,,False,research_based
2024-11-13,1733.0,1733.0,1734.73,1731.27,,False,research_based
2024-11-14,1732.62,1732.62,1734.35,1730.89,,False,research_based
2024-11-15,1732.62,1732.62,1734.35,1730.89,,False,research_based
2024-11-18,1732.62,1732.62,1734.35,1730.89,,False,research_based
2024-11-19,1732.62,1732.62,1734.35,1730.89,,False,research_based
2024-11-20,1732.62,1732.62,1734.35,1730.89,,False,research_based
2024-11-21,1732.72,1732.72,1734.45,1730.99,,False,research_based
2024-11-22,1732.56,1732.56,1734.29,1730.83,,False,research_based
2024-11-25,1732.29,1732.29,1734.02,1730.56,,False,research_based
2024-11-26,1732.29,1732.29,1734.02,1730.56,,False,research_based
2024-11-27,1732.16,1732.16,1733.89,1730.43,,False,research_based
2024-11-28,1731.83,1731.83,1733.56,1730.1,,False,research_based
2024-11-29,1731.83,1731.83,1733.56,1730.1,,False,research_based
2024-12-02,1733.0,1733.0,1734.73,1731.27,,False,research_based
2024-12-03,1732.99,1732.99,1734.72,1731.26,,False,research_based
2024-12-04,1732.99,1732.99,1734.72,1731.26,,False,research_based
2024-12-05,1732.99,1732.99,1734.72,1731.26,,False,research_based
2024-12-06,1732.81,1732.81,1734.54,1731.08,,False,research_based
2024-12-09,1732.81,1732.81,1734.54,1731.08,,False,research_based
2024-12-10,1732.81,1732.81,1734.54,1731.08,,False,research_based
2024-12-11,1732.79,1732.79,1734.52,1731.06,,False,research_based
2024-12-12,1733.2,1733.2,1734.93,1731.47,,False,research_based
2024-12-13,1733.66,1733.66,1735.39,1731.93,,False,research_based
2024-12-16,1733.66,1733.66,1735.39,1731.93,,False,research_based
2024-12-17,1733.66,1733.66,1735.39,1731.93,,False,research_based
2024-12-18,1733.66,1733.66,1735.39,1731.93,,False,research_based
2024-12-19,1733.66,1733.66,1735.39,1731.93,,False,research_based
2024-12-20,1733.46,1733.46,1735.19,1731.73,,False,research_based
2024-12-23,1733.46,1733.46,1735.19,1731.73,,False,research_based
2024-12-24,1733.45,1733.45,1735.18,1731.72,,False,research_based
2024-12-25,1733.45,1733.45,1735.18,1731.72,,False,research_based
2024-12-26,1733.45,1733.45,1735.18,1731.72,,False,research_based
2024-12-27,1733.45,1733.45,1735.18,1731.72,,False,research_based
2024-12-30,1733.45,1733.45,1735.18,1731.72,,False,research_based
2024-12-31,1733.45,1733.45,1735.18,1731.72,,False,research_based
2025-01-01,1733.0,1733.0,1734.73,1731.27,,False,research_based
2025-01-02,1733.0,1733.0,1734.73,1731.27,,False,research_based
2025-01-03,1733.0,1733.0,1734.73,1731.27,,False,research_based
2025-01-06,1732.5,1732.5,1734.23,1730.77,,False,research_based
2025-01-07,1732.5,1732.5,1734.23,1730.77,,False,research_based
2025-01-08,1732.5,1732.5,1734.23,1730.77,,False,research_based
2025-01-09,1732.5,1732.5,1734.23,1730.77,,False,research_based
2025-01-10,1732.5,1732.5,1734.23,1730.77,,False,research_based
2025-01-13,1732.5,1732.5,1734.23,1730.77,,False,research_based
2025-01-14,1732.5,1732.5,1734.23,1730.77,,False,research_based
2025-01-15,1732.26,1732.26,1733.99,1730.53,,False,research_based
2025-01-16,1731.88,1731.88,1733.61,1730.15,,False,research_based
2025-01-17,1731.88,1731.88,1733.61,1730.15,,False,research_based
2025-01-20,1732.31,1732.31,1734.04,1730.58,,False,research_based
2025-01-21,1732.31,1732.31,1734.04,1730.58,,False,research_based
2025-01-22,1731.95,1731.95,1733.68,1730.22,,False,research_based
2025-01-23,1731.95,1731.95,1733.68,1730.22,,False,research_based
2025-01-24,1731.95,1731.95,1733.68,1730.22,,False,research_based
2025-01-27,1731.95,1731.95,1733.68,1730.22,,False,research_based
2025-01-28,1731.95,1731.95,1733.68,1730.22,,False,research_based
2025-01-29,1731.95,1731.95,1733.68,1730.22,,False,research_based
2025-01-30,1731.95,1731.95,1733.68,1730.22,,False,research_based
2025-01-31,1731.95,1731.95,1733.68,1730.22,,False,research_based
2025-02-03,1734.0,1734.0,1735.73,1732.27,,False,research_based
2025-02-04,1734.0,1734.0,1735.73,1732.27,,False,research_based
2025-02-05,1734.0,1734.0,1735.73,1732.27,,False,research_based
2025-02-06,1733.62,1733.62,1735.35,1731.89,,False,research_based
2025-02-07,1733.62,1733.62,1735.35,1731.89,,False,research_based
2025-02-10,1733.62,1733.62,1735.35,1731.89,,False,research_based
2025-02-11,1733.62,1733.62,1735.35,1731.89,,False,research_based
2025-02-12,1733.62,1733.62,1735.35,1731.89,,False,research_based
2025-02-13,1733.62,1733.62,1735.35,1731.89,,False,research_based
2025-02-14,1733.62,1733.62,1735.35,1731.89,,False,research_based
2025-02-17,1733.62,1733.62,1735.35,1731.89,,False,research_based
2025-02-18,1733.62,1733.62,1735.35,1731.89,,False,research_based
2025-02-19,1733.62,1733.62,1735.35,1731.89,,False,research_based
2025-02-20,1733.62,1733.62,1735.35,1731.89,,False,research_based
2025-02-21,1734.03,1734.03,1735.76,1732.3,,False,research_based
2025-02-24,1734.03,1734.03,1735.76,1732.3,,False,research_based
2025-02-25,1734.03,1734.03,1735.76,1732.3,,False,research_based
2025-02-26,1734.03,1734.03,1735.76,1732.3,,False,research_based
2025-02-27,1734.03,1734.03,1735.76,1732.3,,False,research_based
2025-02-28,1734.03,1734.03,1735.76,1732.3,,False,research_based
2025-03-03,1734.0,1734.0,1735.73,1732.27,,False,research_based
2025-03-04,1734.0,1734.0,1735.73,1732.27,,False,research_based
2025-03-05,1734.0,1734.0,1735.73,1732.27,,False,research_based
2025-03-06,1734.0,1734.0,1735.73,1732.27,,False,research_based
2025-03-07,1734.0,1734.0,1735.73,1732.27,,False,research_based
2025-03-10,1734.0,1734.0,1735.73,1732.27,,False,research_based
2025-03-11,1734.0,1734.0,1735.73,1732.27,,False,research_based
2025-03-12,1734.0,1734.0,1735.73,1732.27,,False,research_based
2025-03-13,1734.0,1734.0,1735.73,1732.27,,False,research_based
2025-03-14,1734.0,1734.0,1735.73,1732.27,,False,research_based
2025-03-17,1734.0,1734.0,1735.73,1732.27,,False,research_based
2025-03-18,1734.0,1734.0,1735.73,1732.27,,False,research_based
2025-03-19,1734.0,1734.0,1735.73,1732.27,,False,research_based
2025-03-20,1734.0,1734.0,1735.73,1732.27,,False,research_based
2025-03-21,1734.0,1734.0,1735.73,1732.27,,False,research_based
2025-03-24,1734.34,1734.34,1736.07,1732.61,,False,research_based
2025-03-25,1734.34,1734.34,1736.07,1732.61,,False,research_based
2025-03-26,1734.34,1734.34,1736.07,1732.61,,False,research_based
2025-03-27,1734.02,1734.02,1735.75,1732.29,,False,research_based
2025-03-28,1734.02,1734.02,1735.75,1732.29,,False,research_based
2025-03-31,1734.02,1734.02,1735.75,1732.29,,False,research_based
2025-04-01,1734.0,1734.0,1735.73,1732.27,,False,research_based
2025-04-02,1734.0,1734.0,1735.73,1732.27,,False,research_based
2025-04-03,1734.0,1734.0,1735.73,1732.27,,False,research_based
2025-04-04,1734.0,1734.0,1735.73,1732.27,,False,research_based
2025-04-07,1734.0,1734.0,1735.73,1732.27,,False,research_based
2025-04-08,1734.08,1734.08,1735.81,1732.35,,False,research_based
2025-04-09,1734.08,1734.08,1735.81,1732.35,,False,research_based
2025-04-10,1734.08,1734.08,1735.81,1732.35,,False,research_based
2025-04-11,1734.08,1734.08,1735.81,1732.35,,False,research_based
2025-04-14,1734.08,1734.08,1735.81,1732.35,,False,research_based
2025-04-15,1734.08,1734.08,1735.81,1732.35,,False,research_based
2025-04-16,1734.08,1734.08,1735.81,1732.35,,False,research_based
2025-04-17,1734.08,1734.08,1735.81,1732.35,,False,research_based
2025-04-18,1734.08,1734.08,1735.81,1732.35,,False,research_based
2025-04-21,1734.41,1734.41,1736.14,1732.68,,False,research_based
2025-04-22,1734.41,1734.41,1736.14,1732.68,,False,research_based
2025-04-23,1734.41,1734.41,1736.14,1732.68,,False,research_based
2025-04-24,1734.41,1734.41,1736.14,1732.68,,False,research_based
2025-04-25,1734.41,1734.41,1736.14,1732.68,,False,research_based
2025-04-28,1734.41,1734.41,1736.14,1732.68,,False,research_based
2025-04-29,1734.78,1734.78,1736.51,1733.05,,False,research_based
2025-04-30,1734.78,1734.78,1736.51,1733.05,,False,research_based
2025-05-01,1734.0,1734.0,1735.73,1732.27,,False,research_based
2025-05-02,1734.0,1734.0,1735.73,1732.27,,False,research_based
2025-05-05,1734.0,1734.0,1735.73,1732.27,,False,research_based
2025-05-06,1734.0,1734.0,1735.73,1732.27,,False,research_based
2025-05-07,1734.0,1734.0,1735.73,1732.27,,False,research_based
2025-05-08,1734.0,1734.0,1735.73,1732.27,,False,research_based
2025-05-09,1734.0,1734.0,1735.73,1732.27,,False,research_based
2025-05-12,1734.0,1734.0,1735.73,1732.27,,False,research_based
2025-05-13,1734.0,1734.0,1735.73,1732.27,,False,research_based
2025-05-14,1734.0,1734.0,1735.73,1732.27,,False,research_based
2025-05-15,1734.0,1734.0,1735.73,1732.27,,False,research_based
2025-05-16,1734.0,1734.0,1735.73,1732.27,,False,research_based
2025-05-19,1734.0,1734.0,1735.73,1732.27,,False,research_based
2025-05-20,1734.0,1734.0,1735.73,1732.27,,False,research_based
2025-05-21,1734.0,1734.0,1735.73,1732.27,,False,research_based
2025-05-22,1734.0,1734.0,1735.73,1732.27,,False,research_based
2025-05-23,1734.0,1734.0,1735.73,1732.27,,False,research_based
2025-05-26,1733.93,1733.93,1735.66,1732.2,,False,research_based
2025-05-27,1733.93,1733.93,1735.66,1732.2,,False,research_based
2025-05-28,1734.18,1734.18,1735.91,1732.45,,False,research_based
2025-05-29,1734.18,1734.18,1735.91,1732.45,,False,research_based
2025-05-30,1734.18,1734.18,1735.91,1732.45,,False,research_based
2025-06-02,1751.0,1751.0,1752.75,1749.25,,False,research_based
2025-06-03,1751.0,1751.0,1752.75,1749.25,,False,research_based
2025-06-04,1751.0,1751.0,1752.75,1749.25,,False,research_based
2025-06-05,1751.0,1751.0,1752.75,1749.25,,False,research_based
2025-06-06,1751.0,1751.0,1752.75,1749.25,,False,research_based
2025-06-09,1751.0,1751.0,1752.75,1749.25,,False,research_based
2025-06-10,1751.0,1751.0,1752.75,1749.25,,False,research_based
2025-06-11,1751.0,1751.0,1752.75,1749.25,,False,research_based
2025-06-12,1750.79,1750.79,1752.54,1749.04,,False,research_based
2025-06-13,1750.79,1750.79,1752.54,1749.04,,False,research_based
2025-06-16,1750.79,1750.79,1752.54,1749.04,,False,research_based
2025-06-17,1750.79,1750.79,1752.54,1749.04,,False,research_based
2025-06-18,1750.79,1750.79,1752.54,1749.04,,False,research_based
2025-06-19,1750.79,1750.79,1752.54,1749.04,,False,research_based
2025-06-20,1750.79,1750.79,1752.54,1749.04,,False,research_based
2025-06-23,1750.87,1750.87,1752.62,1749.12,,False,research_based
2025-06-24,1750.87,1750.87,1752.62,1749.12,,False,research_based
2025-06-25,1750.69,1750.69,1752.44,1748.94,,False,research_based
2025-06-26,1750.69,1750.69,1752.44,1748.94,,False,research_based
2025-06-27,1750.69,1750.69,1752.44,1748.94,,False,research_based
2025-06-30,1750.69,1750.69,1752.44,1748.94,,False,research_based
2025-07-01,1751.0,1751.0,1752.75,1749.25,,False,research_based
2025-07-02,1751.0,1751.0,1752.75,1749.25,,False,research_based
2025-07-03,1751.0,1751.0,1752.75,1749.25,,False,research_based
2025-07-04,1751.0,1751.0,1752.75,1749.25,,False,research_based
2025-07-07,1751.0,1751.0,1752.75,1749.25,,False,research_based
2025-07-08,1751.0,1751.0,1752.75,1749.25,,False,research_based
2025-07-09,1751.0,1751.0,1752.75,1749.25,,False,research_based
2025-07-10,1750.58,1750.58,1752.33,1748.83,,False,research_based
2025-07-11,1750.58,1750.58,1752.33,1748.83,,False,research_based
2025-07-14,1750.58,1750.58,1752.33,1748.83,,False,research_based
2025-07-15,1750.58,1750.58,1752.33,1748.83,,False,research_based
2025-07-16,1750.58,1750.58,1752.33,1748.83,,False,research_based
2025-07-17,1750.58,1750.58,1752.33,1748.83,,False,research_based
2025-07-18,1750.58,1750.58,1752.33,1748.83,,False,research_based
2025-07-21,1750.18,1750.18,1751.93,1748.43,,False,research_based
2025-07-22,1750.18,1750.18,1751.93,1748.43,,False,research_based
2025-07-23,1750.18,1750.18,1751.93,1748.43,,False,research_based
2025-07-24,1750.18,1750.18,1751.93,1748.43,,False,research_based
2025-07-25,1750.18,1750.18,1751.93,1748.43,,False,research_based
2025-07-28,1750.18,1750.18,1751.93,1748.43,,False,research_based
2025-07-29,1750.18,1750.18,1751.93,1748.43,,False,research_based
2025-07-30,1750.18,1750.18,1751.93,1748.43,,False,research_based
2025-07-31,1750.18,1750.18,1751.93,1748.43,,False,research_based
2025-08-01,1735.0,1735.0,1736.73,1733.27,,False,research_based
2025-08-04,1735.0,1735.0,1736.73,1733.27,,False,research_based
2025-08-05,1735.0,1735.0,1736.73,1733.27,,False,research_based
2025-08-06,1735.0,1735.0,1736.73,1733.27,,False,research_based
2025-08-07,1735.0,1735.0,1736.73,1733.27,,False,research_based
2025-08-08,1735.0,1735.0,1736.73,1733.27,,False,research_based
2025-08-11,1734.9,1734.9,1736.63,1733.17,,False,research_based
2025-08-12,1734.9,1734.9,1736.63,1733.17,,False,research_based
2025-08-13,1734.9,1734.9,1736.63,1733.17,,False,research_based
2025-08-14,1734.97,1734.97,1736.7,1733.24,,False,research_based
2025-08-15,1734.97,1734.97,1736.7,1733.24,,False,research_based
2025-08-18,1734.97,1734.97,1736.7,1733.24,,False,research_based
2025-08-19,1734.97,1734.97,1736.7,1733.24,,False,research_based
2025-08-20,1734.97,1734.97,1736.7,1733.24,,False,research_based
2025-08-21,1734.97,1734.97,1736.7,1733.24,,False,research_based
2025-08-22,1734.97,1734.97,1736.7,1733.24,,False,research_based
2025-08-25,1734.97,1734.97,1736.7,1733.24,,False,research_based
2025-08-26,1734.97,1734.97,1736.7,1733.24,,False,research_based
2025-08-27,1734.97,1734.97,1736.7,1733.24,,False,research_based
2025-08-28,1734.57,1734.57,1736.3,1732.84,,False,research_based
2025-08-29,1734.57,1734.57,1736.3,1732.84,,False,research_based
2025-09-01,1750.0,1750.0,1751.75,1748.25,,False,research_based
2025-09-02,1750.0,1750.0,1751.75,1748.25,,False,research_based
2025-09-03,1750.0,1750.0,1751.75,1748.25,,False,research_based
2025-09-04,1750.0,1750.0,1751.75,1748.25,,False,research_based
2025-09-05,1750.0,1750.0,1751.75,1748.25,,False,research_based
2025-09-08,1750.0,1750.0,1751.75,1748.25,,False,research_based
2025-09-09,1750.0,1750.0,1751.75,1748.25,,False,research_based
2025-09-10,1750.0,1750.0,1751.75,1748.25,,False,research_based
2025-09-11,1750.0,1750.0,1751.75,1748.25,,False,research_based
2025-09-12,1750.12,1750.12,1751.87,1748.37,,False,research_based
2025-09-15,1750.12,1750.12,1751.87,1748.37,,False,research_based
2025-09-16,1750.12,1750.12,1751.87,1748.37,,False,research_based
2025-09-17,1750.12,1750.12,1751.87,1748.37,,False,research_based
2025-09-18,1750.12,1750.12,1751.87,1748.37,,False,research_based
2025-09-19,1750.12,1750.12,1751.87,1748.37,,False,research_based
2025-09-22,1750.12,1750.12,1751.87,1748.37,,False,research_based
2025-09-23,1750.26,1750.26,1752.01,1748.51,,False,research_based
2025-09-24,1750.26,1750.26,1752.01,1748.51,,False,research_based
2025-09-25,1749.81,1749.81,1751.56,1748.06,,False,research_based
2025-09-26,1749.81,1749.81,1751.56,1748.06,,False,research_based
2025-09-29,1749.81,1749.81,1751.56,1748.06,,False,research_based
2025-09-30,1749.81,1749.81,1751.56,1748.06,,False,research_based
2025-10-01,1750.0,1750.0,1751.75,1748.25,,False,research_based
2025-10-02,1750.31,1750.31,1752.06,1748.56,,False,research_based
2025-10-03,1750.11,1750.11,1751.86,1748.36,,False,research_based
2025-10-06,1750.11,1750.11,1751.86,1748.36,,False,research_based
2025-10-07,1750.11,1750.11,1751.86,1748.36,,False,research_based
2025-10-08,1750.11,1750.11,1751.86,1748.36,,False,research_based
2025-10-09,1750.11,1750.11,1751.86,1748.36,,False,research_based
2025-10-10,1750.11,1750.11,1751.86,1748.36,,False,research_based
2025-10-13,1750.11,1750.11,1751.86,1748.36,,False,research_based
2025-10-14,1750.11,1750.11,1751.86,1748.36,,False,research_based
2025-10-15,1750.11,1750.11,1751.86,1748.36,,False,research_based
2025-10-16,1750.11,1750.11,1751.86,1748.36,,False,research_based
2025-10-17,1750.11,1750.11,1751.86,1748.36,,False,research_based
2025-10-20,1750.15,1750.15,1751.9,1748.4,,False,research_based
2025-10-21,1750.15,1750.15,1751.9,1748.4,,False,research_based
2025-10-22,1750.15,1750.15,1751.9,1748.4,,False,research_based
2025-10-23,1750.15,1750.15,1751.9,1748.4,,False,research_based
2025-10-24,1750.15,1750.15,1751.9,1748.4,,False,research_based
2025-10-27,1750.1,1750.1,1751.85,1748.35,,False,research_based
2025-10-28,1750.1,1750.1,1751.85,1748.35,,False,research_based
2025-10-29,1750.1,1750.1,1751.85,1748.35,,False,research_based
2025-10-30,1750.1,1750.1,1751.85,1748.35,,False,research_based
2025-10-31,1750.1,1750.1,1751.85,1748.35,,False,research_based
2025-11-03,1750.0,1750.0,1751.75,1748.25,,False,research_based
2025-11-04,1750.0,1750.0,1751.75,1748.25,,False,research_based
2025-11-05,1750.0,1750.0,1751.75,1748.25,,False,research_based
2025-11-06,1750.0,1750.0,1751.75,1748.25,,False,research_based
2025-11-07,1750.0,1750.0,1751.75,1748.25,,False,research_based
2025-11-10,1750.0,1750.0,1751.75,1748.25,,False,research_based
2025-11-11,1750.0,1750.0,1751.75,1748.25,,False,research_based
2025-11-12,1750.19,1750.19,1751.94,1748.44,,False,research_based
2025-11-13,1750.19,1750.19,1751.94,1748.44,,False,research_based
2025-11-14,1750.19,1750.19,1751.94,1748.44,,False,research_based
2025-11-17,1750.19,1750.19,1751.94,1748.44,,False,research_based
2025-11-18,1750.19,1750.19,1751.94,1748.44,,False,research_based
2025-11-19,1750.05,1750.05,1751.8,1748.3,,False,research_based
2025-11-20,1750.05,1750.05,1751.8,1748.3,,False,research_based
2025-11-21,1750.05,1750.05,1751.8,1748.3,,False,research_based
2025-11-24,1750.05,1750.05,1751.8,1748.3,,False,research_based
2025-11-25,1750.05,1750.05,1751.8,1748.3,,False,research_based
2025-11-26,1750.05,1750.05,1751.8,1748.3,,False,research_based
2025-11-27,1750.05,1750.05,1751.8,1748.3,,False,research_based
2025-11-28,1750.05,1750.05,1751.8,1748.3,,False,research_based
2025-12-01,1734.0,1734.0,1735.73,1732.27,,False,research_based
2025-12-02,1734.0,1734.0,1735.73,1732.27,,False,research_based
2025-12-03,1734.0,1734.0,1735.73,1732.27,,False,research_based
2025-12-04,1734.0,1734.0,1735.73,1732.27,,False,research_based
2025-12-05,1734.0,1734.0,1735.73,1732.27,,False,research_based
2025-12-08,1734.0,1734.0,1735.73,1732.27,,False,research_based
2025-12-09,1734.0,1734.0,1735.73,1732.27,,False,research_based
2025-12-10,1733.85,1733.85,1735.58,1732.12,,False,research_based
2025-12-11,1733.85,1733.85,1735.58,1732.12,,False,research_based
2025-12-12,1733.73,1733.73,1735.46,1732.0,,False,research_based
2025-12-15,1733.73,1733.73,1735.46,1732.0,,False,research_based
2025-12-16,1733.73,1733.73,1735.46,1732.0,,False,research_based
2025-12-17,1733.73,1733.73,1735.46,1732.0,,False,research_based
2025-12-18,1733.73,1733.73,1735.46,1732.0,,False,research_based
2025-12-19,1733.73,1733.73,1735.46,1732.0,,False,research_based
2025-12-22,1733.73,1733.73,1735.46,1732.0,,False,research_based
2025-12-23,1733.73,1733.73,1735.46,1732.0,,False,research_based
2025-12-24,1733.73,1733.73,1735.46,1732.0,,False,research_based
2025-12-25,1733.73,1733.73,1735.46,1732.0,,False,research_based
2025-12-26,1733.73,1733.73,1735.46,1732.0,,False,research_based
2025-12-29,1733.73,1733.73,1735.46,1732.0,,False,research_based
2025-12-30,1733.73,1733.73,1735.46,1732.0,,False,research_based
2025-12-31,1733.73,1733.73,1735.46,1732.0,,False,research_based
2026-01-01,1746.0,1746.0,1747.75,1744.25,,False,research_based
2026-01-02,1746.0,1746.0,1747.75,1744.25,,False,research_based
2026-01-05,1746.0,1746.0,1747.75,1744.25,,False,research_based
2026-01-06,1746.0,1746.0,1747.75,1744.25,,False,research_based
2026-01-07,1746.0,1746.0,1747.75,1744.25,,False,research_based
2026-01-08,1745.78,1745.78,1747.53,1744.03,,False,research_based
2026-01-09,1745.45,1745.45,1747.2,1743.7,,False,research_based
2026-01-12,1745.45,1745.45,1747.2,1743.7,,False,research_based
2026-01-13,1745.45,1745.45,1747.2,1743.7,,False,research_based
2026-01-14,1745.45,1745.45,1747.2,1743.7,,False,research_based
2026-01-15,1745.45,1745.45,1747.2,1743.7,,False,research_based
2026-01-16,1745.45,1745.45,1747.2,1743.7,,False,research_based
2026-01-19,1745.45,1745.45,1747.2,1743.7,,False,research_based
2026-01-20,1745.45,1745.45,1747.2,1743.7,,False,research_based
2026-01-21,1745.45,1745.45,1747.2,1743.7,,False,research_based
2026-01-22,1745.45,1745.45,1747.2,1743.7,,False,research_based
2026-01-23,1745.45,1745.45,1747.2,1743.7,,False,research_based
2026-01-26,1745.45,1745.45,1747.2,1743.7,,False,research_based
2026-01-27,1745.45,1745.45,1747.2,1743.7,,False,research_based
2026-01-28,1745.45,1745.45,1747.2,1743.7,,False,research_based
2026-01-29,1745.34,1745.34,1747.09,1743.59,,False,research_based
2026-01-30,1745.34,1745.34,1747.09,1743.59,,False,research_based
2026-02-02,1734.0,1734.0,1735.73,1732.27,,False,research_based
2026-02-03,1734.0,1734.0,1735.73,1732.27,,False,research_based
2026-02-04,1734.0,1734.0,1735.73,1732.27,,False,research_based
2026-02-05,1734.0,1734.0,1735.73,1732.27,,False,research_based
2026-02-06,1734.0,1734.0,1735.73,1732.27,,False,research_based
2026-02-09,1734.0,1734.0,1735.73,1732.27,,False,research_based
2026-02-10,1734.0,1734.0,1735.73,1732.27,,False,research_based
2026-02-11,1734.0,1734.0,1735.73,1732.27,,False,research_based
2026-02-12,1734.0,1734.0,1735.73,1732.27,,False,research_based
2026-02-13,1734.0,1734.0,1735.73,1732.27,,False,research_based
2026-02-16,1734.0,1734.0,1735.73,1732.27,,False,research_based
2026-02-17,1733.66,1733.66,1735.39,1731.93,,False,research_based
2026-02-18,1733.52,1733.52,1735.25,1731.79,,False,research_based
2026-02-19,1733.52,1733.52,1735.25,1731.79,,False,research_based
2026-02-20,1733.52,1733.52,1735.25,1731.79,,False,research_based
2026-02-23,1733.52,1733.52,1735.25,1731.79,,False,research_based
2026-02-24,1733.52,1733.52,1735.25,1731.79,,False,research_based
2026-02-25,1733.52,1733.52,1735.25,1731.79,,False,research_based
2026-02-26,1733.52,1733.52,1735.25,1731.79,,False,research_based
2026-02-27,1733.52,1733.52,1735.25,1731.79,,False,research_based
2026-03-02,1735.0,1735.0,1736.73,1733.27,,False,research_based
2026-03-03,1735.0,1735.0,1736.73,1733.27,,False,research_based
2026-03-04,1735.0,1735.0,1736.73,1733.27,,False,research_based
2026-03-05,1734.81,1734.81,1736.54,1733.08,,False,research_based
2026-03-06,1734.81,1734.81,1736.54,1733.08,,False,research_based
2026-03-09,1734.81,1734.81,1736.54,1733.08,,False,research_based
2026-03-10,1734.81,1734.81,1736.54,1733.08,,False,research_based
2026-03-11,1734.81,1734.81,1736.54,1733.08,,False,research_based
2026-03-12,1734.81,1734.81,1736.54,1733.08,,False,research_based
2026-03-13,1734.81,1734.81,1736.54,1733.08,,False,research_based
2026-03-16,1734.33,1734.33,1736.06,1732.6,,False,research_based
2026-03-17,1734.33,1734.33,1736.06,1732.6,,False,research_based
2026-03-18,1733.93,1733.93,1735.66,1732.2,,False,research_based
2026-03-19,1733.93,1733.93,1735.66,1732.2,,False,research_based
2026-03-20,1733.93,1733.93,1735.66,1732.2,,False,research_based
2026-03-23,1733.93,1733.93,1735.66,1732.2,,False,research_based
2026-03-24,1733.93,1733.93,1735.66,1732.2,,False,research_based
2026-03-25,1733.93,1733.93,1735.66,1732.2,,False,research_based
2026-03-26,1733.93,1733.93,1735.66,1732.2,,False,research_based
2026-03-27,1733.93,1733.93,1735.66,1732.2,,False,research_based
2026-03-30,1733.93,1733.93,1735.66,1732.2,,False,research_based
2026-03-31,1733.93,1733.93,1735.66,1732.2,,False,research_based
2026-04-01,1750.0,1750.0,1751.75,1748.25,,False,research_based
2026-04-02,1750.0,1750.0,1751.75,1748.25,,False,research_based
2026-04-03,1750.0,1750.0,1751.75,1748.25,,False,research_based
2026-04-06,1750.0,1750.0,1751.75,1748.25,,False,research_based
2026-04-07,1750.0,1750.0,1751.75,1748.25,,False,research_based
2026-04-08,1750.0,1750.0,1751.75,1748.25,,False,research_based
2026-04-09,1750.0,1750.0,1751.75,1748.25,,False,research_based
2026-04-10,1750.0,1750.0,1751.75,1748.25,,False,research_based
2026-04-13,1750.0,1750.0,1751.75,1748.25,,False,research_based
2026-04-14,1750.0,1750.0,1751.75,1748.25,,False,research_based
2026-04-15,1750.0,1750.0,1751.75,1748.25,,False,research_based
2026-04-16,1750.0,1750.0,1751.75,1748.25,,False,research_based
2026-04-17,1750.0,1750.0,1751.75,1748.25,,False,research_based
2026-04-20,1750.0,1750.0,1751.75,1748.25,,False,research_based
2026-04-21,1750.0,1750.0,1751.75,1748.25,,False,research_based
2026-04-22,1750.0,1750.0,1751.75,1748.25,,False,research_based
2026-04-23,1750.0,1750.0,1751.75,1748.25,,False,research_based
2026-04-24,1750.43,1750.43,1752.18,1748.68,,False,research_based
2026-04-27,1750.43,1750.43,1752.18,1748.68,,False,research_based
2026-04-28,1750.43,1750.43,1752.18,1748.68,,False,research_based
2026-04-29,1750.43,1750.43,1752.18,1748.68,,False,research_based
2026-04-30,1750.43,1750.43,1752.18,1748.68,,False,research_based
2026-05-01,1737.0,1737.0,1738.74,1735.26,,False,research_based
2026-05-04,1736.9,1736.9,1738.64,1735.16,,False,research_based
2026-05-05,1736.73,1736.73,1738.47,1734.99,,False,research_based
2026-05-06,1736.73,1736.73,1738.47,1734.99,,False,research_based
2026-05-07,1736.73,1736.73,1738.47,1734.99,,False,research_based
2026-05-08,1736.73,1736.73,1738.47,1734.99,,False,research_based
2026-05-11,1736.73,1736.73,1738.47,1734.99,,False,research_based
2026-05-12,1736.73,1736.73,1738.47,1734.99,,False,research_based
2026-05-13,1736.73,1736.73,1738.47,1734.99,,False,research_based
2026-05-14,1736.73,1736.73,1738.47,1734.99,,False,research_based
2026-05-15,1736.73,1736.73,1738.47,1734.99,,False,research_based
2026-05-18,1736.73,1736.73,1738.47,1734.99,,False,research_based
2026-05-19,1736.73,1736.73,1738.47,1734.99,,False,research_based
2026-05-20,1736.73,1736.73,1738.47,1734.99,,False,research_based
2026-05-21,1736.73,1736.73,1738.47,1734.99,,False,research_based
2026-05-22,1736.73,1736.73,1738.47,1734.99,,False,research_based
2026-05-25,1736.73,1736.73,1738.47,1734.99,,False,research_based
2026-05-26,1736.73,1736.73,1738.47,1734.99,,False,research_based
2026-05-27,1736.73,1736.73,1738.47,1734.99,,False,research_based
2026-05-28,1736.73,1736.73,1738.47,1734.99,,False,research_based
2026-05-29,1736.73,1736.73,1738.47,1734.99,,False,research_based
2026-06-01,1734.0,1734.0,1735.73,1732.27,,False,research_based
2026-06-02,1734.0,1734.0,1735.73,1732.27,,False,research_based
2026-06-03,1734.0,1734.0,1735.73,1732.27,,False,research_based
2026-06-04,1734.0,1734.0,1735.73,1732.27,,False,research_based
2026-06-05,1734.0,1734.0,1735.73,1732.27,,False,research_based
2026-06-08,1734.0,1734.0,1735.73,1732.27,,False,research_based
2026-06-09,1734.0,1734.0,1735.73,1732.27,,False,research_based
2026-06-10,1734.0,1734.0,1735.73,1732.27,,False,research_based
2026-06-11,1734.0,1734.0,1735.73,1732.27,,False,research_based
2026-06-12,1734.0,1734.0,1735.73,1732.27,,False,research_based
2026-06-15,1734.0,1734.0,1735.73,1732.27,,False,research_based
2026-06-16,1734.0,1734.0,1735.73,1732.27,,False,research_based
2026-06-17,1734.0,1734.0,1735.73,1732.27,,False,research_based
2026-06-18,1734.0,1734.0,1735.73,1732.27,,False,research_based
2026-06-19,1734.0,1734.0,1735.73,1732.27,,False,research_based
2026-06-22,1734.0,1734.0,1735.73,1732.27,,False,research_based
2026-06-23,1734.0,1734.0,1735.73,1732.27,,False,research_based
2026-06-24,1734.0,1734.0,1735.73,1732.27,,False,research_based
